gender,SeniorCitizen,Partner,Dependents,tenure,PhoneService,MultipleLines,InternetService,OnlineSecurity,OnlineBackup,DeviceProtection,TechSupport,StreamingTV,StreamingMovies,Contract,PaperlessBilling,PaymentMethod,MonthlyCharges,TotalCharges,Churn
1,0,0,0,37,1,0,0,2,2,0,2,0,0,1,0,3,71.02719748691725,2618.953304363523,0
1,0,0,0,9,1,0,2,1,1,1,1,1,1,2,0,1,35.16654776542091,315.6136768332623,0
1,1,0,0,31,1,0,2,1,1,1,1,1,1,2,1,1,31.749034921333042,986.8496731130157,0
1,0,0,0,29,1,0,1,0,2,0,2,0,2,2,0,3,88.21840676716047,2564.754217741526,0
1,0,0,1,10,1,2,2,1,1,1,1,1,1,2,0,3,38.6744855013781,358.93648226496686,0
0,0,0,0,37,1,2,1,0,2,0,0,0,0,0,1,3,68.8177908174675,2550.292292341983,0
1,0,1,0,14,1,0,1,0,0,2,0,2,0,2,0,3,100.55761712386617,1411.265107353317,0
0,1,0,0,26,1,0,1,0,0,0,0,2,0,0,0,3,108.92879781476458,2842.2260255508754,1
1,0,0,0,2,1,0,1,2,0,0,2,0,2,2,1,2,73.57484389272733,141.8870476332477,0
0,0,0,0,18,1,2,1,0,2,0,2,0,2,1,1,0,87.78314357003079,1574.9130522078635,0
1,1,1,0,9,1,2,2,1,1,1,1,1,1,0,0,2,29.344745325782586,276.1278737987403,0
1,0,0,0,26,1,0,1,2,0,0,2,2,0,0,0,0,99.28495771595306,2565.7773335532875,0
1,0,1,1,8,1,0,2,1,1,1,1,1,1,1,1,0,37.6017649586734,317.10502258320116,0
1,1,1,0,11,0,1,2,1,1,1,1,1,1,1,1,3,21.20532432262492,258.8175121411524,0
1,0,0,0,20,1,0,0,2,0,0,0,0,0,2,1,2,58.67693437287364,1178.3132043045216,0
0,0,1,0,26,1,0,2,1,1,1,1,1,1,0,0,3,30.324890526391535,796.588138421946,0
0,1,0,0,18,1,0,1,2,2,2,0,0,2,0,1,0,100.91168433501403,1801.514500959259,1
0,0,1,1,17,1,0,1,2,0,0,0,0,2,2,0,0,80.13580955013869,1355.363164485382,0
1,0,0,0,15,1,2,0,0,0,2,0,2,2,2,1,3,94.56247438181502,1429.0157411989464,1
0,0,0,1,24,1,0,2,1,1,1,1,1,1,2,1,1,30.203027038761732,728.4908024001039,0
0,0,0,1,6,1,2,1,2,0,2,0,0,0,0,1,2,107.2834737074964,641.8865676147107,1
1,0,1,0,7,1,0,1,0,2,0,2,0,0,1,1,0,75.78787472318935,532.8438143857209,0
1,0,1,0,26,1,2,1,0,0,0,2,0,0,1,0,0,64.92583799770244,1693.1415527834663,0
1,0,0,0,5,1,0,1,0,0,0,0,2,2,2,1,0,93.65971017121673,465.3675938452133,1
1,1,0,0,23,1,0,1,0,0,2,2,0,0,0,0,2,70.47196354942457,1620.5657021869977,1
1,1,0,0,35,1,2,0,0,0,0,0,0,2,2,0,2,93.97296623296408,3288.690744405754,0
0,0,0,1,29,1,2,0,2,2,0,2,2,0,1,0,1,80.54115090379086,2325.170586395826,0
1,1,0,0,31,1,0,2,1,1,1,1,1,1,2,1,1,31.75653428242901,987.6885090348902,0
1,1,1,1,2,1,0,0,2,2,2,0,0,0,0,1,2,62.06894325641328,142.17374565895744,1
1,0,0,0,14,0,1,0,0,0,0,2,2,0,0,1,0,64.74138375262763,923.6989938386488,1
0,0,1,1,13,1,2,0,0,0,0,0,2,0,1,1,2,92.38704752029142,1186.267624805271,0
0,1,1,0,2,1,2,0,2,2,2,0,0,2,1,1,2,111.59107136217476,228.88845492311688,1
0,0,1,1,23,1,2,1,0,0,2,0,0,0,2,1,2,65.48006011471425,1512.7964204474854,0
1,0,0,0,16,1,2,0,0,0,0,0,2,2,1,0,2,100.67317851451355,1606.6657516039804,0
1,0,1,0,5,1,0,2,1,1,1,1,1,1,0,0,0,36.573266979131894,173.22433454853552,1
0,0,1,1,17,1,0,1,0,0,0,0,0,2,2,1,0,98.34200155905933,1658.6058833622922,0
0,1,1,1,33,1,0,0,2,2,0,0,2,0,0,1,1,103.21918304196245,3401.7860025962605,0
1,0,1,1,7,1,0,2,1,1,1,1,1,1,0,1,2,35.58199235765537,252.57403786965975,0
1,0,0,0,31,1,0,2,1,1,1,1,1,1,2,0,3,40.62016299046114,1257.644470946623,0
0,0,0,0,10,1,0,1,0,2,0,0,2,0,1,1,1,103.3803712724234,1027.6943818416023,0
0,0,0,0,37,1,2,1,0,2,0,0,0,0,0,1,3,71.05682750657846,2616.611051429894,0
1,0,1,1,11,1,0,1,0,0,0,0,0,2,1,0,3,78.77525504591495,870.0349680889474,1
1,0,1,0,3,1,0,1,2,0,0,2,0,2,0,0,0,99.62482761148965,309.5399073041635,1
0,0,0,0,16,1,0,0,0,2,0,0,2,2,2,0,2,85.37051338313388,1356.6589944097973,0
0,0,1,1,20,1,0,0,0,0,0,0,0,0,0,1,3,72.26332862240213,1449.7508620895298,1
1,0,0,0,13,1,0,0,0,0,0,0,0,0,0,0,0,91.41093703645038,1169.5474290347508,1
0,0,1,1,31,1,0,2,1,1,1,1,1,1,1,0,1,39.6420979207108,1222.3303744526224,0
1,1,0,1,11,1,0,0,0,2,0,2,2,2,1,0,2,134.3340043642199,1484.9700892015767,0
0,1,1,1,31,1,0,1,0,0,0,0,0,2,0,0,3,88.57528576490257,2734.6561866180837,1
0,0,0,0,32,1,0,0,0,2,2,2,0,0,1,1,3,87.50252551829234,2794.036449337231,0
1,0,1,0,1,1,2,0,0,0,2,0,2,2,0,1,3,87.13187066062837,101.31153894499536,1
1,0,1,0,5,1,0,2,1,1,1,1,1,1,0,0,0,38.945090220601465,187.3970113004819,1
1,0,0,0,37,1,0,0,2,2,0,2,0,0,1,0,3,69.9980164948316,2581.3871621164767,0
1,0,0,0,12,1,2,2,1,1,1,1,1,1,2,1,2,39.04201177610502,474.26262493256695,1
1,1,0,0,22,1,2,2,1,1,1,1,1,1,0,1,3,32.121050931658154,726.2104561280323,0
0,1,1,1,15,1,0,1,2,0,0,0,2,0,1,0,3,108.17503025833773,1620.2287544021247,0
0,0,0,1,30,1,0,1,0,0,0,2,2,0,1,0,2,79.93694189930218,2405.7956155822517,0
0,0,0,1,0,1,0,0,0,2,2,0,2,0,1,0,1,81.09870265664716,13.457691801150062,0
0,0,0,0,8,1,0,1,0,2,0,0,2,0,0,0,0,87.21751386539168,700.9956325519391,1
1,0,1,0,1,1,0,0,2,2,0,0,0,0,2,1,2,69.97900088832921,67.27982187647861,0
1,1,0,0,15,1,0,1,2,0,0,0,0,0,2,1,1,106.77886546579444,1592.9197146006616,0
1,1,0,0,25,1,0,1,0,0,0,0,2,0,0,1,2,93.46773602339776,2322.4412909757334,1
0,1,1,1,11,1,2,0,2,2,0,0,2,2,0,1,2,94.22107376097298,1047.548828821741,1
0,0,0,1,8,1,0,1,0,0,2,0,0,2,1,1,3,110.9800786667637,889.6502007915285,0
0,0,0,1,2,1,0,1,0,2,0,0,2,0,0,1,0,85.77955979831479,184.8871290208589,1
0,0,1,0,25,1,0,0,2,0,2,2,0,0,0,0,2,70.97831661802911,1784.3471686142248,0
0,0,1,0,15,1,2,0,0,0,2,0,0,0,0,1,2,90.85284827245167,1356.6230188864988,1
0,0,1,0,21,1,2,1,2,0,0,2,0,0,2,1,0,96.17437064581867,2007.7929165631886,0
1,0,0,0,20,1,2,2,1,1,1,1,1,1,0,1,0,34.70237364385887,698.1741687065465,1
0,0,1,0,15,1,2,2,1,1,1,1,1,1,2,1,0,34.21713705394385,506.93198696574564,0
1,0,1,0,15,1,2,1,0,2,0,0,2,0,0,0,1,78.87035327413432,1186.822190522022,0
0,0,0,0,8,1,2,2,1,1,1,1,1,1,0,0,3,38.90955650927742,303.9649326976053,1
0,0,0,1,24,1,2,1,0,0,0,0,0,0,0,0,1,103.64305029377724,2478.8209545186805,1
0,0,1,1,22,1,0,0,2,0,0,0,0,0,1,1,3,104.53272735205138,2298.3100936497235,0
0,1,0,0,16,1,0,1,2,0,0,0,0,0,0,1,1,63.71572773397993,1028.7926499477587,1
1,0,1,0,16,1,2,1,2,0,0,0,0,0,2,1,2,93.91028067954552,1505.6298898258642,1
1,0,0,0,3,1,0,1,0,0,2,0,0,2,2,0,1,77.69959357029764,244.88253219761074,1
0,0,0,0,14,1,2,1,0,2,0,0,0,0,1,1,1,90.82070973050438,1259.1543191965088,1
0,1,0,0,3,1,2,1,0,2,2,2,2,2,2,1,0,93.5282492416369,270.0139763095877,1
0,0,0,0,25,1,0,1,0,0,2,0,0,0,0,0,3,76.00568420326658,1899.2504680900613,1
1,0,0,1,32,1,2,1,0,2,0,0,0,2,0,0,0,94.98833210572913,3061.283641216263,0
0,0,0,0,2,1,0,1,0,2,0,0,2,0,1,1,1,94.91599033436584,196.57484180435543,1
0,0,1,1,15,1,2,2,1,1,1,1,1,1,0,1,3,34.535411441953954,507.36504420886195,0
1,0,0,0,14,1,2,1,0,0,0,0,0,2,1,1,1,97.91626165726414,1370.066258672121,0
0,0,1,0,12,0,1,1,0,2,0,0,0,0,0,1,0,57.593043120389474,693.3236653526862,0
0,0,1,0,23,1,2,1,0,0,0,0,0,0,0,0,3,77.00388890393435,1765.40258733488,1
1,0,1,0,23,0,1,1,0,0,2,0,0,2,0,1,3,88.97256775144051,2052.501808193697,0
0,0,1,0,18,1,0,0,0,0,2,0,2,0,0,1,3,93.50856622571652,1681.5897306812494,1
0,0,0,0,3,1,2,0,0,0,0,0,0,0,2,1,1,94.99931107182013,282.0046260333637,0
1,0,1,0,19,1,0,1,2,0,0,2,0,0,2,0,2,96.58799706293148,1847.774512067623,0
1,0,1,1,17,1,0,1,2,0,2,0,0,0,0,1,1,83.01077055960452,1394.0864904916739,1
0,0,1,0,22,1,0,1,0,2,0,0,2,2,1,0,2,106.17194250721545,2326.164681740893,1
0,0,0,0,16,1,2,0,0,0,0,0,0,2,0,0,2,66.63995484444035,1058.0661876966378,1
1,0,0,0,30,1,0,1,0,2,0,0,2,2,2,1,2,114.9594940089405,3440.308009568228,1
0,0,0,0,20,1,0,1,0,0,2,0,2,0,1,0,3,105.71538649142597,2107.0201993756054,1
1,1,1,1,31,1,0,1,2,2,0,2,0,2,0,1,0,92.27093656458133,2865.2837930809296,0
1,0,1,0,17,1,2,1,0,0,2,0,2,2,0,1,3,113.54949443808174,1941.3067337314928,1
0,0,0,1,23,0,1,1,0,0,0,2,0,2,2,1,0,93.65968369080481,2163.33313749507,1
0,0,1,1,23,1,2,1,0,0,2,0,0,0,2,1,2,63.467127380484065,1449.5483084858433,0
0,1,0,0,5,1,2,0,0,0,0,2,0,0,2,1,0,63.33538181001829,315.60273006439274,0
1,0,0,0,39,1,0,1,0,0,0,2,2,0,1,1,3,85.64201438051717,3344.5612129749175,0
0,0,0,0,29,1,0,0,0,0,0,2,0,2,0,0,2,80.45163860995713,2335.497549211611,1
1,0,0,0,0,1,0,0,0,0,2,0,0,0,0,1,2,73.58534602322392,13.057473995092346,1
0,0,1,0,4,1,2,0,0,0,0,0,2,0,1,0,2,93.94141594190803,369.012321412192,0
0,0,1,1,32,1,2,2,1,1,1,1,1,1,0,1,1,29.704129126842965,952.095326269983,0
1,0,0,0,7,1,0,0,0,0,0,0,2,2,0,1,1,106.23962105855965,739.7450402608566,1
1,0,1,1,24,1,0,1,0,0,0,0,0,2,0,1,1,92.56217535299876,2224.0029586628652,0
1,0,0,0,30,1,0,1,0,0,2,2,0,0,0,1,0,67.21793632491215,2005.7491206204675,1
0,0,0,1,18,1,0,1,2,0,2,0,0,2,1,1,1,96.68918441735876,1731.1159423028819,1
0,1,1,1,19,1,0,1,0,0,0,0,0,2,0,0,2,101.23709356167261,1916.2036690738946,1
1,0,1,1,4,1,0,2,1,1,1,1,1,1,2,0,2,29.32685269467025,111.67071766713053,0
1,0,1,0,32,0,1,0,0,0,0,2,0,2,1,1,2,62.33675086714222,2010.2552604048788,0
1,0,0,0,13,1,0,2,1,1,1,1,1,1,2,1,3,30.36330762016375,406.477018205083,0
1,0,1,0,5,1,0,2,1,1,1,1,1,1,1,0,2,40.57996672960766,200.77333694089887,0
1,0,1,1,25,1,2,1,0,0,2,0,2,0,2,1,2,106.00375942736842,2651.8233186263055,0
1,0,1,1,34,1,0,0,0,0,2,0,0,2,0,1,2,103.5857545575334,3505.9712947750318,0
1,0,1,0,37,1,0,2,1,1,1,1,1,1,2,1,0,38.12319404388761,1408.7652561583268,0
1,0,0,0,0,1,0,1,0,2,0,0,2,0,2,0,1,88.24047014572045,1.5961471331172736,1
0,0,1,1,2,0,1,0,0,0,2,0,0,2,0,0,2,75.8089233149604,163.07468876393304,1
0,0,1,0,8,1,2,0,0,0,0,2,0,0,2,1,3,68.03033535307935,547.5107300213845,0
0,0,0,1,10,1,0,2,1,1,1,1,1,1,0,1,3,36.04532997378328,364.78220032558835,0
0,0,0,0,4,1,2,1,0,0,0,0,2,0,1,1,2,106.77274990436052,430.06862851494674,0
1,0,0,1,29,1,2,1,0,2,0,0,2,2,0,0,2,102.29934575857575,2969.371038895418,1
1,0,0,1,0,1,0,2,1,1,1,1,1,1,0,1,3,32.328172349241726,-13.967591759349755,1
1,0,0,0,0,1,0,1,0,0,2,0,2,0,2,1,2,115.66343494782373,-4.167576683403004,1
1,1,0,0,35,1,2,0,0,0,0,0,0,2,2,0,2,104.19620431312401,3661.216018944756,0
1,0,1,0,9,1,0,1,0,0,2,0,2,0,0,1,2,94.07810872465294,854.9419429479689,1
1,0,1,1,14,1,2,1,0,2,0,0,0,0,0,1,0,79.30834957913525,1115.259239098545,1
0,0,0,1,36,1,0,1,0,2,0,2,2,0,2,1,3,110.73408713770867,3987.094290049753,0
1,0,0,0,6,1,2,1,0,0,2,0,0,0,0,0,2,88.28230893519347,536.2882675686175,1
1,0,1,1,13,1,0,2,1,1,1,1,1,1,1,0,1,36.25512256251446,461.8676992231598,0
1,1,1,0,32,1,2,1,0,2,2,2,2,0,1,0,3,95.59380810134925,3043.2012636230384,0
1,0,0,0,37,1,0,1,0,0,0,2,0,2,1,0,2,96.50521543679925,3566.8721056392224,0
1,0,1,0,13,1,2,2,1,1,1,1,1,1,2,0,3,43.74409579830119,574.0524759551532,0
0,0,1,0,36,1,0,2,1,1,1,1,1,1,0,1,3,34.30055907728291,1235.898425604871,0
1,0,1,0,23,1,0,1,0,0,0,2,0,0,0,1,3,70.20888157931282,1624.9438631126443,1
0,0,1,0,26,1,0,1,0,0,0,0,2,2,0,0,3,85.06348527808268,2215.165122395754,0
0,0,0,1,30,1,0,1,0,0,0,2,2,0,1,0,2,77.1827845454408,2315.9319583253673,0
0,0,1,1,17,1,0,1,2,2,2,0,2,0,0,1,0,79.28133816777255,1361.0575983922895,1
0,0,1,0,23,1,2,1,0,0,0,0,0,0,0,0,3,73.57047405545026,1703.4446610599307,1
0,0,0,0,16,1,2,0,0,0,0,0,0,2,0,0,2,63.77406771697622,1019.4041704594251,1
0,0,0,0,24,1,0,0,0,2,2,2,0,2,0,1,2,110.11333472150316,2631.689534705915,1
1,1,1,1,33,1,2,0,2,0,2,0,2,0,0,0,3,111.63585332686361,3674.909544863944,1
0,0,0,0,14,1,2,1,0,2,0,0,0,0,1,0,1,96.45327295655049,1348.7313100088654,1
0,0,1,1,0,0,1,0,0,0,2,0,0,0,2,0,1,71.65836409941258,-3.6681138365245114,0
0,0,0,0,15,1,2,0,2,0,0,2,2,0,0,1,3,109.07713791766598,1652.734692063796,1
1,0,0,0,24,1,0,2,1,1,1,1,1,1,0,0,2,32.23858744604755,756.9247572156951,0
0,0,1,0,14,1,0,0,0,0,2,0,0,0,0,1,1,73.59556508485946,1029.6953333191402,1
0,0,0,0,24,1,0,1,0,2,0,0,2,0,0,1,0,83.75638782410154,1999.4910429044546,1
0,0,1,0,26,1,0,1,0,0,0,0,2,2,0,0,3,90.7207024125804,2359.9062814162207,0
0,0,0,0,20,1,0,1,2,0,0,0,0,2,1,1,2,89.03486515731464,1784.519951475213,1
0,0,0,0,34,1,0,1,0,0,2,0,0,0,0,0,1,101.77907186579134,3456.4394736927666,0
1,1,0,0,33,1,2,2,1,1,1,1,1,1,1,1,0,32.150594020699195,1066.2744168198885,0
1,0,1,0,16,1,2,1,2,0,0,0,0,0,2,1,2,89.64786528878412,1432.3795752154829,1
1,0,1,1,31,1,0,1,0,0,0,0,0,0,0,1,0,75.99518731853234,2354.056850746941,1
1,1,0,0,13,1,0,0,0,0,0,0,2,0,0,0,3,87.79193194634037,1137.1162280482358,1
0,0,0,0,19,1,0,2,1,1,1,1,1,1,0,1,2,42.31249867230653,810.44571766114,0
1,0,1,1,16,1,0,0,2,0,0,0,0,2,2,1,2,80.95530144347921,1296.66983773273,0
0,0,1,0,0,1,2,1,0,0,0,0,0,2,1,0,2,114.66698483937141,15.73239629782792,1
1,0,1,1,4,1,2,0,0,2,0,0,2,2,0,1,0,87.29600371673561,361.8842636351863,0
0,0,1,0,1,1,2,0,0,2,2,2,0,2,2,1,2,114.76662397266,120.30437004836578,0
0,0,0,1,2,1,0,1,0,2,0,0,2,0,0,1,0,84.77443039125386,147.95444432150725,1
1,1,0,0,24,1,2,1,0,0,0,2,2,0,0,0,0,94.58305461035881,2255.150027528205,0
0,0,0,0,17,1,2,0,0,0,0,2,0,0,0,1,3,82.41218640092123,1410.869674543559,1
0,0,0,1,3,1,2,0,2,2,0,0,0,0,0,1,1,83.04664864621445,244.38356034339276,1
1,0,0,0,1,1,2,1,2,0,0,0,2,2,2,0,3,107.80786328891558,110.1563008656985,0
1,0,0,0,30,1,2,0,2,2,0,2,0,2,0,1,2,83.27106812556332,2491.8272897669026,0
0,0,0,0,30,1,2,0,0,0,0,0,0,2,0,0,1,107.97641329173406,3244.471265057184,0
1,0,0,0,11,1,0,0,2,0,0,0,0,0,0,1,2,83.04015896238363,923.0216480271649,0
1,0,1,1,8,1,0,2,1,1,1,1,1,1,1,1,0,38.425011801611184,295.3038170170333,0
0,0,1,0,26,1,0,0,0,0,0,2,0,0,2,1,1,90.41186130815433,2342.572679757137,0
1,0,0,0,20,1,0,0,2,0,0,2,0,0,0,0,3,77.01471606927316,1523.6570372521462,0
0,0,1,0,20,1,2,1,2,2,2,0,0,0,0,1,2,100.47593272849667,2011.8527276882212,1
1,0,1,1,23,1,0,0,0,0,2,0,0,2,0,1,2,76.78145405863532,1749.3206391403141,1
1,0,0,1,21,1,2,2,1,1,1,1,1,1,0,1,2,42.663137851463,892.2650779317365,0
0,0,0,1,3,1,2,0,2,2,0,0,0,0,0,1,1,77.092369524138,236.47322003774198,1
0,0,1,0,7,1,0,2,1,1,1,1,1,1,0,1,0,34.88570848099622,264.7808887137232,0
1,1,0,0,14,1,2,0,0,0,0,0,0,0,0,1,0,61.887247669934496,870.1056508019575,0
0,0,1,1,22,1,2,0,2,0,0,2,0,0,0,0,2,79.06871145450181,1752.0404994187888,0
0,0,1,0,15,1,0,0,0,0,0,2,2,0,1,1,2,77.4381566516778,1164.1639382007645,0
0,0,1,1,21,0,1,0,0,0,2,2,0,0,0,1,1,71.94666508077486,1513.9724007901223,0
1,0,0,1,4,1,0,0,2,0,0,0,0,2,2,0,2,89.72788143838467,356.8022967758067,0
1,1,0,1,39,1,0,0,0,0,0,0,0,2,2,0,1,84.41465052759335,3288.3386692471045,0
0,0,0,0,28,1,2,1,2,0,0,0,0,0,1,1,2,82.38800643705417,2318.607961752944,0
1,0,0,1,14,1,0,1,0,2,0,0,2,2,0,0,2,127.64284892023694,1790.746628411567,1
1,0,0,1,30,1,0,1,2,0,2,0,0,2,0,1,0,117.74122261306873,3535.5996418409077,0
1,0,1,0,35,1,2,2,1,1,1,1,1,1,1,0,2,28.37259719346785,986.9591491670642,0
1,0,1,0,34,1,0,1,2,0,0,0,2,0,0,1,2,97.68729043817926,3317.91745758381,0
0,0,0,1,17,1,2,1,0,2,0,0,2,2,1,1,0,106.84409504774611,1837.0245206414745,1
0,1,1,0,21,1,0,2,1,1,1,1,1,1,1,1,2,40.082670656393354,841.0610654799777,0
0,1,1,0,37,0,1,1,0,2,0,0,2,2,0,0,0,76.58347886349134,2846.8503985450993,0
0,0,0,0,37,1,0,1,2,2,0,2,0,0,0,1,3,104.70005941818148,3868.6996813593737,1
1,0,1,0,33,1,2,1,0,0,0,0,2,0,2,0,2,78.43876090444675,2596.4945515622253,1
0,0,0,0,13,1,2,0,2,2,0,0,2,0,0,1,3,106.07021311240982,1381.8107264497837,0
1,0,1,1,22,1,0,0,0,0,0,0,0,0,1,0,3,75.20050823429375,1650.3740501010313,0
0,0,0,0,39,1,2,1,0,2,2,2,0,2,0,1,0,106.64453600116765,4165.6225330309835,0
0,0,0,1,26,1,2,1,0,0,0,0,2,2,1,0,1,100.92248275640652,2608.550112577645,0
1,0,1,1,33,1,0,0,0,2,0,0,0,0,1,1,2,88.43293340041029,2924.0330165027513,0
1,0,1,1,36,1,2,0,0,2,0,0,0,0,2,0,3,78.47093295822691,2832.8226187152854,0
0,0,1,0,6,1,0,1,0,2,2,2,0,0,0,0,1,78.39966415427621,473.1287168067842,0
0,0,0,1,6,1,0,2,1,1,1,1,1,1,2,1,3,41.73276145982936,263.50580572401475,0
1,0,1,0,13,1,0,1,0,0,0,0,2,0,1,0,3,96.74459253971827,1256.998698469402,1
0,0,1,1,0,1,0,2,1,1,1,1,1,1,0,1,3,38.945265147569195,-1.4913918465115596,0
1,0,0,0,15,0,1,0,0,0,0,0,0,2,0,0,3,104.59132241951077,1572.4202315837415,0
0,0,1,1,29,1,0,0,2,0,2,2,0,2,0,0,3,100.89419318855663,2934.6086649953436,1
0,0,0,0,6,1,0,1,2,0,2,2,0,2,2,0,2,116.83805052396043,706.7267082882875,0
0,0,1,0,30,1,2,1,2,2,2,0,0,2,0,1,2,92.89302683419375,2784.5246742791865,1
0,0,0,0,15,1,2,2,1,1,1,1,1,1,0,0,0,38.828001130132954,572.4677385002078,0
0,0,1,1,11,0,1,1,0,0,2,0,0,0,1,1,1,78.71631907505234,872.514302385039,1
1,0,0,0,39,1,2,0,2,0,0,0,0,0,2,1,2,69.0788450199785,2686.17924303643,0
1,0,0,0,31,1,0,2,1,1,1,1,1,1,2,0,3,39.698672163592974,1222.4760833917794,0
1,0,1,1,20,1,2,1,0,0,0,2,2,2,2,1,2,82.383473437483,1641.1230369892332,0
1,0,0,0,20,1,2,2,1,1,1,1,1,1,0,1,0,36.05471559873913,721.6714000423525,1
0,0,0,0,37,1,0,1,2,2,0,2,0,0,0,1,3,105.84017396626054,3908.1234721087344,1
1,1,1,0,14,0,1,1,2,0,0,0,2,0,0,1,2,77.40163258194941,1072.2659757794413,1
1,0,0,0,38,1,0,1,0,0,2,0,0,0,0,1,0,96.02011490553441,3642.1759469657295,1
0,0,0,1,8,1,0,1,0,0,2,0,0,2,1,1,3,102.46295662834764,817.8703349221721,0
1,0,1,0,35,1,2,2,1,1,1,1,1,1,0,1,0,34.302951782211316,1205.146157058847,0
1,0,1,1,4,1,0,2,1,1,1,1,1,1,2,0,2,31.88280650538346,128.20389512917126,0
0,0,0,0,15,1,2,2,1,1,1,1,1,1,0,0,0,35.740160568538826,525.2977875755936,0
0,0,0,0,11,0,1,1,2,2,2,0,0,0,0,1,0,73.09473365382642,806.3286915078013,1
1,0,1,0,9,1,2,1,0,0,0,0,0,0,0,1,2,103.47113582654742,934.4677776528869,1
0,1,0,0,10,0,1,1,0,0,0,2,0,2,0,1,0,66.65480230352925,661.9983911311471,1
0,0,1,1,24,1,0,2,1,1,1,1,1,1,1,0,2,41.84103972152409,996.2224927282986,0
1,0,0,0,2,1,0,1,0,0,0,0,2,0,1,1,2,88.07619375477681,168.1860859689298,1
1,0,0,0,23,1,0,2,1,1,1,1,1,1,0,0,2,36.40295880461035,831.9499293375826,1
1,0,0,0,5,1,0,1,2,0,2,0,0,2,1,1,2,80.653212369014,425.4084822094287,1
0,0,1,1,35,1,0,1,2,0,0,2,2,0,2,0,2,109.96398090565717,3839.8486076100958,0
1,1,1,0,31,0,1,2,1,1,1,1,1,1,0,1,0,22.132391667690264,688.764133370187,0
1,0,0,1,11,1,0,1,0,0,0,2,2,2,0,1,1,79.69022927886994,869.45149610384,1
0,0,1,0,14,1,0,2,1,1,1,1,1,1,1,0,1,38.670339102781796,536.324916281092,0
0,0,1,0,7,1,0,1,0,0,0,0,2,0,0,0,1,111.43917708661138,773.0128752123156,1
0,0,1,1,29,1,2,2,1,1,1,1,1,1,2,1,2,36.30077092842864,1060.7343807834964,0
1,0,0,0,34,1,0,1,0,2,2,0,0,2,0,1,0,106.66902980959568,3630.538091811686,0
1,0,0,0,20,1,0,1,0,0,0,0,2,0,2,1,3,115.54288246976198,2309.5642113838317,0
0,0,0,0,12,0,1,1,2,0,0,2,2,2,1,0,2,71.97500121119754,868.7293640008681,0
1,0,0,0,2,1,2,0,0,0,0,0,0,2,2,1,1,115.54376899792783,238.52219494859406,1
1,0,1,1,3,1,0,1,0,2,0,2,2,0,0,1,2,78.39782144922627,226.68631388366373,0
0,0,1,1,39,1,0,0,0,0,0,0,0,2,0,0,2,114.26772361615627,4461.913745161924,0
1,0,1,1,12,1,0,1,0,0,2,0,2,2,0,1,1,102.67133334225211,1224.879683262809,1
1,0,1,0,13,0,1,2,1,1,1,1,1,1,0,0,2,21.0077407406852,281.4799819008428,1
0,1,1,0,38,1,2,2,1,1,1,1,1,1,2,0,0,35.750970748699636,1365.9388732444518,0
1,0,1,0,13,1,2,1,2,0,2,0,2,2,2,0,2,97.58447383840141,1272.635190406186,0
0,0,1,1,14,1,0,0,0,2,0,0,2,2,0,1,1,88.1291693694225,1231.7091077596747,0
1,0,0,0,17,1,0,0,2,0,0,0,2,2,2,0,1,105.44548615289322,1787.3121719679737,0
0,0,0,1,17,1,0,0,0,2,0,0,2,0,2,0,1,87.9854756988555,1493.1167998938124,0
0,0,1,0,9,1,0,0,0,0,0,0,0,0,0,1,2,69.14394599972026,629.9870616380176,1
1,0,1,1,38,1,2,2,1,1,1,1,1,1,0,1,3,34.053333129828445,1287.2033484768042,0
1,0,1,0,6,0,1,1,0,0,0,0,2,0,2,0,2,82.64740489317347,496.38114175874426,0
1,0,1,0,23,1,2,0,0,0,0,2,0,0,0,0,0,71.43481578087207,1625.52447126684,0
1,0,1,0,19,1,0,1,2,0,0,2,0,0,2,0,2,93.60408074176868,1781.081280678848,0
0,0,1,1,20,1,0,1,0,2,2,0,2,0,0,1,2,71.40952960176796,1417.8353078611497,1
0,1,0,0,36,1,0,1,0,0,0,0,2,0,0,0,2,93.19517678007414,3341.8449967643182,0
0,0,0,1,14,0,1,2,1,1,1,1,1,1,1,0,2,22.485897216760836,319.9897098540581,0
0,0,1,1,14,1,0,0,2,2,2,0,2,2,1,0,1,86.70305550667591,1215.9461523948007,0
0,0,1,0,36,1,0,0,2,0,2,0,2,0,0,0,0,115.4334221681615,4151.169423157334,0
1,1,0,1,29,1,2,2,1,1,1,1,1,1,0,0,3,34.25681596138112,990.4267061223595,0
0,0,0,0,13,1,0,1,0,0,0,0,2,0,1,0,2,95.48754749688155,1264.048455134027,1
0,0,1,0,5,1,0,0,0,0,2,0,0,2,1,0,2,74.92799435009258,372.69852882023326,0
1,0,0,1,20,1,0,0,2,0,0,0,2,0,2,1,3,104.27297777033037,2083.4473951238315,0
1,0,1,0,37,1,2,0,0,0,2,2,2,0,0,1,2,110.8617247509938,4108.406868578318,0
1,0,0,1,17,1,0,1,2,0,0,0,0,0,2,1,2,81.22321784368577,1381.6668267153416,1
1,0,0,0,0,1,0,2,1,1,1,1,1,1,0,1,1,40.53911596570189,9.874284497575733,0
1,1,0,0,39,1,0,0,0,0,0,0,2,2,0,1,0,95.32842719705742,3720.583148704061,1
0,0,0,0,35,1,0,0,0,0,0,0,2,0,0,0,3,100.53638046538286,3526.384207713784,0
1,0,0,0,21,0,1,1,0,0,2,0,0,0,0,1,1,72.09297602741208,1518.3858007055019,1
1,1,1,0,4,1,0,2,1,1,1,1,1,1,2,1,3,33.49315035412318,140.42563906472913,0
1,0,0,1,37,1,0,0,0,0,0,0,0,0,0,0,1,70.09073316813922,2592.9305975226894,0
0,0,0,0,11,1,2,1,0,0,0,0,0,0,0,1,0,66.6414200324323,735.2808981294462,1
1,0,0,0,37,1,0,2,1,1,1,1,1,1,2,0,0,34.922899205409934,1289.4369156681616,0
0,0,0,0,37,1,2,1,0,2,0,0,0,0,0,1,3,67.23620534363702,2493.7812927884333,0
1,0,1,0,1,1,0,0,2,2,0,0,0,0,2,1,2,68.32302963419616,54.8626427885427,0
0,0,1,0,30,0,1,1,0,0,0,0,2,0,0,1,3,62.958502824647965,1896.0164476383195,1
0,0,0,0,4,1,0,0,2,0,0,2,0,2,0,1,3,102.68292412432045,420.7119499995039,0
1,1,0,1,22,1,0,0,0,0,0,0,0,0,2,1,3,93.61733335534119,2066.9989515966536,0
1,0,1,1,9,0,1,0,0,2,2,2,0,2,0,0,2,75.7447469042914,680.6617449434565,1
0,0,0,1,22,1,2,2,1,1,1,1,1,1,2,1,0,38.109988382595695,843.472036528175,0
0,0,1,0,16,1,0,1,0,2,0,2,2,2,1,1,3,86.9609640235451,1383.6096376972841,1
1,0,1,0,34,1,2,2,1,1,1,1,1,1,0,1,3,30.6466064760379,1050.355642324299,0
0,0,1,0,25,0,1,0,0,0,2,0,0,0,0,0,0,82.18372529950899,2043.6009795818077,0
1,0,0,0,7,1,2,1,0,2,2,0,2,2,2,1,2,97.40004643890414,687.7376362848242,1
1,0,0,0,24,1,0,0,2,0,0,0,0,0,0,1,3,79.9530009294505,1924.198596252946,0
0,0,0,0,9,1,0,1,0,0,2,2,2,0,0,1,0,87.31984242513232,789.9458601888277,1
0,0,0,0,33,1,0,1,0,0,2,2,0,2,0,0,3,115.71353611872364,3814.0758554754075,0
0,0,1,0,0,1,0,1,2,2,2,0,2,2,0,1,2,112.04624662893235,7.601662329675437,1
0,0,0,0,29,1,0,1,0,0,2,0,2,0,1,1,2,86.56446049679263,2491.99670578135,0
0,0,0,1,3,1,0,0,0,2,0,0,0,0,0,1,3,103.08740570314437,317.0344352331127,0
0,1,1,0,26,1,0,0,0,0,0,2,0,2,0,1,2,106.64882532119,2774.783837446269,1
1,0,1,0,29,1,0,1,0,2,0,2,0,2,0,1,3,122.42006329252723,3560.6914222087084,1
0,0,1,0,15,1,0,2,1,1,1,1,1,1,1,1,3,33.74380400739898,508.15754996015016,0
0,0,1,0,14,1,0,0,2,0,0,0,0,0,1,1,1,96.05901852410902,1363.2081608051235,0
1,0,0,1,25,1,0,0,0,0,2,0,2,0,0,1,2,108.46951085876258,2702.3195781345826,1
0,0,1,1,5,1,0,0,0,0,0,0,0,2,0,1,2,86.49699632451423,438.57905480758683,1
1,0,0,0,12,1,0,0,0,0,0,2,0,2,1,0,0,92.3677717923544,1099.5532166166956,0
1,0,0,0,38,1,0,0,0,0,0,2,2,2,0,0,2,95.43042492268475,3625.0922852574786,1
1,0,1,1,31,1,2,1,2,2,2,0,2,2,2,1,2,112.96782994607884,3509.426454204871,0
0,0,0,0,19,1,0,2,1,1,1,1,1,1,0,0,3,35.91529957237721,688.644995137272,0
1,0,1,1,4,1,2,0,0,2,0,0,2,2,0,1,0,93.01756532824655,392.86564811656297,0
0,0,0,1,14,0,1,2,1,1,1,1,1,1,1,0,2,21.439818986222395,296.6433984734785,0
0,1,0,0,26,1,2,0,0,0,2,0,0,0,0,1,2,103.06694722906981,2692.600641397277,1
0,0,1,1,35,1,0,1,2,0,0,2,2,0,2,0,2,101.41931095364588,3547.132881506304,0
1,1,0,0,14,1,2,0,0,0,0,0,0,0,0,1,0,68.01214768719188,945.1610667378394,0
0,0,1,1,6,1,2,1,0,0,2,2,0,2,0,0,0,89.2449314689515,519.2400531995388,1
0,0,0,1,7,0,1,0,0,2,2,0,2,0,0,1,3,55.04571336541833,386.9466998169498,1
0,0,1,0,7,1,0,1,0,2,0,0,2,0,0,0,1,102.1929738155163,710.1377606524528,1
1,0,1,0,6,1,0,1,0,0,0,0,0,2,2,1,1,75.80467491657744,463.3032231977537,0
1,0,0,1,12,1,2,0,2,0,0,0,0,0,1,1,0,81.00488621333588,966.7746270106862,0
1,0,1,0,37,1,2,0,0,0,2,2,2,0,0,1,2,111.53356957118909,4121.976058558177,0
1,0,1,1,36,1,2,2,1,1,1,1,1,1,1,1,2,36.695543465860624,1324.5861175352918,0
1,1,0,0,20,1,0,1,0,0,0,0,0,2,0,1,3,105.72984869725364,2131.8091319264668,1
0,0,1,0,20,1,2,1,2,2,2,0,0,0,0,1,2,96.10927516689979,1911.2990045286344,1
1,0,0,1,32,1,2,1,0,2,0,0,0,2,0,0,0,100.34421749580336,3221.191087913028,0
0,1,1,0,7,1,0,1,0,0,2,2,0,2,0,1,2,94.73971584092264,671.9190638844123,1
1,0,0,0,14,1,2,0,0,0,0,0,0,2,2,1,0,74.96115359032528,1047.2466905608696,0
0,0,0,1,32,1,0,1,0,0,0,0,0,2,2,0,2,72.56373423934063,2328.793658509084,0
0,0,0,0,19,1,0,1,0,2,0,0,0,2,1,0,3,89.77069878715633,1702.8005126926955,1
0,0,1,1,25,1,2,2,1,1,1,1,1,1,0,1,2,37.391213110129065,958.4942122934791,0
1,0,1,1,14,1,2,1,0,2,0,0,0,0,0,1,0,84.13004978752386,1176.6997441077833,1
1,0,1,0,31,1,0,0,0,0,0,0,2,0,0,0,1,100.7073750176294,3122.7327664820377,1
0,0,0,1,11,1,0,1,2,0,2,2,0,2,1,1,3,85.55768472858249,937.8766159228991,1
0,1,0,0,14,1,2,2,1,1,1,1,1,1,0,0,3,36.07464696275838,488.1105170035019,1
1,0,0,1,17,1,2,0,0,0,2,2,0,0,0,1,0,66.17204164595209,1122.2931741824036,1
0,0,1,0,18,1,0,2,1,1,1,1,1,1,2,1,3,40.41195765130117,729.7356074388102,0
1,1,1,1,36,0,1,0,0,0,2,2,0,0,2,0,3,80.17207275670212,2901.2038454578437,0
0,0,1,1,35,1,0,1,0,0,2,0,0,0,2,0,1,59.62228849698649,2091.699668672493,0
1,0,0,0,12,1,0,0,0,0,0,2,0,2,1,0,0,85.13593853895665,1019.7374405901528,0
1,0,0,0,38,1,0,0,0,0,0,2,2,2,0,0,2,99.04813026305155,3764.4283819234347,1
0,1,0,0,20,1,2,1,0,2,2,0,2,0,0,1,1,85.66834654835856,1716.640334631254,1
1,0,0,0,3,1,2,0,0,0,0,2,0,0,1,0,3,90.73900740321584,268.42736162385813,1
1,1,0,0,14,1,2,0,0,0,0,0,0,0,0,1,0,70.10326840476714,988.2681278347685,0
0,0,1,0,31,1,2,1,2,2,2,0,0,2,0,1,1,99.55037842444193,3102.3126127385667,0
0,0,0,0,22,1,2,2,1,1,1,1,1,1,0,0,0,41.18965890325751,902.5410084867099,0
1,0,0,0,26,1,0,1,2,0,0,2,0,2,0,0,1,82.34271652526893,2152.9859323154956,0
1,0,0,0,11,1,2,1,2,0,0,2,0,2,0,1,2,104.28256204123487,1155.8714454958968,1
0,0,0,0,8,1,2,2,1,1,1,1,1,1,0,1,0,35.39352316850449,288.52063395857454,1
0,0,1,1,15,1,2,2,1,1,1,1,1,1,0,1,3,33.413423797134975,502.3206131425933,0
0,0,1,1,39,1,0,1,0,2,0,0,2,2,1,1,3,121.37303378512969,4736.926156329885,0
0,0,0,0,28,1,0,1,0,2,0,0,0,2,2,0,2,87.33340561719619,2443.1614255427753,0
0,0,1,0,5,1,0,0,0,0,2,0,0,2,1,0,2,79.39168369703728,415.3271035224523,0
0,1,1,0,35,1,0,0,0,0,2,0,2,0,0,1,0,85.10150569180318,2971.3686676555567,0
0,0,0,0,31,1,0,0,0,0,0,2,2,0,1,0,3,114.76038900252662,3568.9215060211845,0
1,0,0,0,14,1,2,0,0,0,0,0,0,2,2,1,0,80.90815068867326,1148.2113268540818,0
0,0,1,1,14,1,2,0,0,0,0,2,2,0,2,1,1,95.88529140351967,1339.1627363210484,0
1,0,0,0,11,1,2,1,2,0,0,2,0,2,0,1,2,101.46466821254089,1127.7698199308709,1
0,0,0,1,22,1,2,1,0,0,2,2,0,2,0,1,0,88.80348188418964,1955.1164149144822,1
1,0,0,0,37,1,0,1,0,0,0,0,0,0,0,1,2,80.24078301402919,2969.532569405435,1
1,1,0,0,19,1,2,2,1,1,1,1,1,1,0,1,1,29.080530269546685,551.7844381930257,0
1,1,0,1,25,1,2,2,1,1,1,1,1,1,2,0,2,38.96636451145059,958.0218017808406,0
0,0,0,1,15,1,2,1,0,2,2,0,2,0,0,0,0,113.77006423992677,1712.0302031814185,1
0,0,0,0,2,1,0,2,1,1,1,1,1,1,2,0,2,33.860509253456634,82.15653615043072,0
0,1,0,0,10,1,0,2,1,1,1,1,1,1,1,0,2,42.013389478548376,413.08669055923775,1
1,0,1,1,22,1,2,0,0,2,0,0,0,0,0,0,2,79.00924937264877,1746.6768727790634,1
1,0,1,0,14,1,2,2,1,1,1,1,1,1,0,1,0,32.5539936442919,454.9038570971494,0
0,0,1,0,26,1,0,1,2,2,0,0,0,0,2,1,3,84.96160822241104,2198.074921032913,0
1,0,1,1,13,1,0,0,0,0,0,0,0,0,0,1,1,76.92159351158041,1009.9596153077432,0
1,0,0,0,12,1,0,1,0,0,2,0,0,2,1,1,2,83.03255418123686,1013.2510184878048,0
1,0,1,0,15,0,1,0,0,0,2,0,0,0,2,0,2,77.38123177209617,1152.7759529927464,0
0,0,0,1,23,1,2,1,0,0,0,2,2,0,1,1,0,74.0438665980467,1705.166948710403,0
1,0,0,0,14,1,2,0,0,0,0,0,2,2,2,0,2,104.60738155097619,1450.105984636873,1
0,0,1,0,26,1,0,2,1,1,1,1,1,1,0,0,3,28.57771214016163,742.6004424584901,0
1,0,1,0,1,1,2,0,0,0,2,0,2,2,0,1,3,93.72085302481196,98.5815170532446,1
1,1,0,0,3,1,2,2,1,1,1,1,1,1,1,1,2,38.35726341297191,132.6008862973503,1
1,0,0,0,30,1,2,1,0,0,0,2,2,0,0,1,0,111.58393953529124,3363.0939232199985,1
1,0,1,0,20,1,2,1,0,0,2,0,0,2,0,1,1,85.28286587425283,1722.0823009006888,1
1,0,1,1,27,1,0,0,0,2,0,0,0,0,0,0,2,98.1603362005279,2645.058157995533,0
1,0,1,1,31,1,2,1,2,2,2,0,2,2,2,1,2,109.61986648833839,3395.7642104535003,0
1,0,0,0,9,1,0,0,2,2,2,0,0,0,1,0,0,81.10537091061711,713.3052839463346,0
1,0,1,0,7,1,0,0,2,0,0,0,0,2,0,1,2,72.08097214682272,497.4152499435692,0
0,0,0,0,31,1,2,1,0,0,2,0,2,0,2,0,0,108.51629856620931,3349.486963534038,0
1,0,1,1,11,1,2,0,0,0,2,0,0,0,0,0,2,111.00408049143608,1224.7002543721694,0
0,1,1,0,29,0,1,1,0,0,2,2,0,2,0,0,2,92.37712399640881,2671.9666958479434,1
1,0,0,0,23,1,0,2,1,1,1,1,1,1,0,0,2,39.45300474587424,896.4048864569577,1
1,0,0,0,0,1,0,0,0,0,2,0,0,0,0,1,2,75.17843703716794,-3.554144359006804,1
0,0,0,1,6,1,0,0,0,2,0,0,2,0,0,1,2,103.84321493033153,611.2105200226947,1
0,1,1,0,2,1,2,0,2,2,2,0,0,2,1,1,2,117.80011969079226,238.69040757946084,1
0,0,1,0,14,1,0,0,2,0,0,0,0,0,1,1,1,92.49303803977948,1297.7470074971473,0
0,0,0,1,23,1,2,1,0,0,0,2,2,0,1,1,0,83.27545766019752,1912.1784002839656,0
0,0,1,0,11,1,0,0,0,0,0,2,0,0,2,1,1,65.62971206587305,714.6200779204693,0
1,0,0,0,15,1,0,0,0,0,0,0,0,2,0,0,2,115.72052478554028,1722.4134580346486,1
0,1,0,1,17,1,2,1,0,0,0,0,0,0,0,1,2,66.58075780626952,1137.4264487590622,1
1,0,1,0,6,1,0,1,0,0,0,0,0,2,2,1,1,69.59688344610966,419.86850807601235,0
0,1,1,0,27,1,2,1,2,2,2,0,0,0,0,1,3,84.29228757797324,2280.534919246502,1
1,0,1,1,11,1,0,1,0,0,0,0,0,2,1,0,3,86.05695643240189,943.5621669468943,1
0,0,0,0,18,1,2,1,0,2,0,2,0,2,1,1,0,93.22496995352803,1675.8702241076905,0
0,0,1,1,14,1,2,2,1,1,1,1,1,1,1,1,3,38.91353453042549,559.2094749137199,0
0,0,1,0,30,1,0,0,0,0,2,2,2,0,0,1,0,74.77415111194061,2237.218684703229,0
0,1,0,1,17,1,2,1,0,0,0,0,0,0,0,1,2,69.17405888272555,1172.8325607807535,1
1,0,0,0,19,1,0,1,0,2,0,0,0,0,1,1,0,94.18672121214122,1796.9866238593347,0
1,0,0,1,23,1,2,1,0,0,0,0,0,0,0,1,2,93.29151004272407,2148.7338439482096,1
1,0,0,1,20,1,2,0,0,0,0,2,0,0,0,1,1,62.6601195632218,1232.7361691937708,0
1,0,0,0,15,1,0,0,0,0,0,2,2,2,0,0,0,85.66979603117282,1268.1680731672757,0
1,0,1,0,3,1,0,2,1,1,1,1,1,1,0,0,2,36.88560805729204,104.04851150577517,1
0,1,1,1,18,1,0,1,0,0,2,0,0,0,0,0,3,86.63847881374379,1568.5956152918418,1
0,0,0,0,2,0,1,0,0,2,0,0,0,0,1,1,1,77.55303291659017,161.82279661000717,0
0,0,0,0,20,1,0,1,0,0,2,0,2,0,1,0,3,100.33225767299395,2011.8403870673787,1
0,0,1,0,30,1,0,2,1,1,1,1,1,1,2,1,0,35.03716960734758,1057.3925291837857,0
1,0,1,0,18,0,1,2,1,1,1,1,1,1,0,1,3,21.75638209057233,381.92543008407677,0
0,0,0,1,28,1,2,1,0,0,0,0,2,0,2,1,1,115.32738666839319,3235.177297647515,0
0,0,1,1,21,0,1,0,0,0,2,2,0,0,0,1,1,68.0236679399849,1419.2841897724575,0
1,0,0,1,11,1,2,0,0,0,0,0,0,0,1,0,3,66.36646172848207,739.5040710310237,0
1,1,0,1,8,1,2,0,2,0,0,0,0,2,0,0,3,101.5842371651123,807.5682459787577,0
1,1,1,1,21,1,0,0,0,2,0,0,0,2,0,1,2,94.18550752796672,1980.711918868368,1
1,0,1,1,11,1,2,0,0,0,2,0,0,0,0,0,2,115.11949153088517,1247.5694228025468,0
1,0,0,0,37,1,0,2,1,1,1,1,1,1,2,0,0,33.17200190435171,1213.8751813389592,0
1,0,0,1,22,1,0,1,0,2,2,0,2,2,2,1,3,120.74062682284574,2667.200564481482,0
1,0,1,1,13,1,0,0,0,0,0,0,0,0,0,1,1,75.95171117262034,994.2896839459335,0
1,1,1,1,33,1,2,0,2,0,2,0,2,0,0,0,3,107.95004957755502,3550.1722683261078,1
0,0,0,1,20,1,2,0,0,2,2,0,0,0,0,0,0,80.62912083087384,1625.438333841617,1
1,0,1,1,28,1,2,0,0,2,0,0,0,0,0,0,2,92.59121642473065,2581.6462156042767,1
0,1,0,0,18,1,0,0,2,2,2,0,0,2,2,1,1,104.257974018534,1876.8431433726553,1
1,0,0,0,9,1,0,2,1,1,1,1,1,1,0,1,2,27.957418443692383,246.81575977456993,1
1,0,1,0,35,1,0,1,0,0,0,0,0,2,0,1,0,80.76680252734846,2817.603936490985,0
1,0,1,0,11,1,2,0,2,2,0,2,0,2,1,1,0,115.9539277139573,1287.172610468916,0
1,1,0,0,35,1,2,0,0,0,0,0,0,2,0,0,2,94.91633961887159,3338.9217016167486,0
1,0,1,0,6,1,2,1,0,0,0,2,2,2,2,1,1,98.06108821277853,590.1492714476477,0
0,0,0,0,25,1,2,0,2,0,0,0,0,0,1,0,3,92.10870357143692,2317.97757845455,0
0,0,0,1,22,1,2,2,1,1,1,1,1,1,2,1,0,35.7606137438565,783.9213518329491,0
0,0,0,1,6,1,2,1,2,0,2,0,0,0,0,1,0,58.13327300011395,349.88272398450727,1
0,0,1,1,6,1,0,2,1,1,1,1,1,1,0,1,2,31.964804298729003,193.1037183563202,0
0,0,0,1,36,1,0,1,0,2,0,2,2,0,2,1,3,111.68631140081482,4009.140121543096,0
0,0,1,1,13,0,1,0,0,2,2,0,0,0,0,0,3,56.685142042883626,741.9014154821125,0
0,0,0,0,36,1,0,0,0,0,2,2,0,0,2,1,2,67.0359502070063,2420.3911388538504,0
1,0,0,0,16,0,1,2,1,1,1,1,1,1,0,0,1,24.4559184315024,389.5599585576251,0
0,0,1,1,7,1,2,0,2,0,0,0,2,0,0,0,3,87.39300865346857,594.8335488931516,1
1,1,0,0,1,1,0,1,0,2,0,0,0,0,1,1,0,93.64525819801341,97.32231314172418,1
1,0,0,0,4,1,2,0,0,0,0,0,0,2,0,0,1,77.5864579464215,295.19569664418316,1
1,0,1,0,31,1,0,2,1,1,1,1,1,1,2,1,2,40.01986552111252,1232.5031328181306,0
0,0,0,1,6,1,0,0,0,2,0,0,2,2,0,0,3,90.433765403923,543.9168053480412,1
1,0,1,0,39,1,0,0,2,0,0,2,0,0,2,1,1,106.95329212582597,4163.481768263975,0
0,0,1,0,25,0,1,0,0,0,2,0,0,0,0,0,0,87.58263370756407,2192.1026091945537,0
1,0,1,0,2,1,0,2,1,1,1,1,1,1,2,1,3,31.382386504388744,60.50267045981269,0
0,0,1,0,24,1,0,0,0,2,0,2,0,2,0,1,1,71.93993810578237,1710.2535494313665,0
0,0,1,0,37,1,0,0,0,2,0,0,0,0,1,0,3,61.29071664763294,2269.4362315732037,0
1,1,1,0,18,1,2,0,0,0,2,2,2,2,1,0,0,121.01970209583884,2184.2204345279647,0
0,0,1,1,1,1,0,1,0,0,2,0,2,0,2,1,1,68.60651485110446,78.73051727922328,1
1,1,1,0,18,1,2,0,0,0,2,2,2,2,1,0,0,119.27933945154663,2143.36242938017,0
1,0,0,1,30,1,0,0,0,2,0,0,0,2,2,0,2,95.28807478471197,2858.0274067540067,0
1,0,1,0,13,1,2,1,0,2,2,0,0,0,0,1,3,68.46698889918878,875.1197689960561,1
0,1,1,1,15,1,0,1,2,0,0,0,2,0,1,0,3,113.91222607012412,1728.3322851052546,0
0,0,1,0,22,1,2,1,2,0,2,0,0,0,0,1,2,76.44269595281862,1696.7893928555065,1
1,0,1,0,23,0,1,0,0,0,0,0,0,0,1,0,3,51.19081166211391,1177.0703280524845,0
1,0,0,0,36,1,0,0,0,2,0,0,2,2,2,1,1,103.58410096707881,3727.7792170883877,0
0,0,1,0,26,1,0,1,2,2,0,0,0,0,2,1,3,93.7947560725639,2409.3614294429817,0
1,0,1,1,6,1,2,0,0,0,0,0,0,2,1,1,2,108.47621992787481,661.2099451963763,1
0,0,0,0,25,1,2,0,2,0,0,0,0,0,1,0,3,83.54640160674488,2094.2886519801946,0
0,0,1,0,13,1,2,0,0,0,0,2,0,0,1,1,0,80.21720710198805,1050.9518110308134,0
0,0,1,1,24,1,2,0,0,2,0,2,0,0,0,1,2,108.06737877499756,2589.564609046947,0
0,0,0,0,22,1,0,1,0,0,0,0,0,0,0,1,2,96.0567607297532,2108.5544478039365,1
0,0,0,1,30,1,2,0,0,0,0,0,0,2,2,1,0,107.71578120474057,3219.1192496840135,0
1,0,0,1,7,1,0,1,2,2,2,0,2,0,2,1,3,107.6314501837455,761.2002485880685,0
0,0,0,0,22,1,2,0,0,2,0,0,0,0,1,0,3,61.77671097094209,1371.6091801477105,1
1,0,1,0,34,1,2,2,1,1,1,1,1,1,0,1,3,31.633012252698673,1086.7612453593852,0
0,0,0,0,13,1,0,1,0,0,0,0,2,0,1,0,2,88.91727536739431,1157.7971555362094,1
1,0,1,0,37,1,0,1,0,0,0,2,0,0,0,1,3,77.45353580564387,2862.514307787148,1
0,0,0,1,3,1,0,0,0,2,0,2,0,0,1,0,0,81.60350120895345,234.2907993931993,0
1,1,1,0,28,1,0,0,0,0,2,2,2,2,1,1,1,104.23134046488758,2911.460027820544,0
0,0,1,0,21,1,2,1,2,0,0,2,0,0,2,1,0,92.47566265289315,1946.6644204471063,0
0,0,1,1,26,1,2,0,0,0,0,0,0,0,1,0,0,82.62806368676577,2145.4841221019014,0
1,1,0,1,12,1,0,1,0,0,2,0,0,2,1,1,2,92.8472099426032,1130.5805611585938,1
0,1,0,0,31,1,0,1,2,2,0,0,0,0,2,0,0,72.91280478948396,2271.820508782246,0
0,1,0,0,10,1,0,2,1,1,1,1,1,1,1,0,2,40.43751609567572,398.3570696355956,1
0,0,1,0,2,0,1,0,0,0,0,0,0,0,0,0,3,84.04874773019415,155.94087481703826,0
1,1,1,0,3,1,0,1,0,2,2,0,0,0,0,0,3,64.18717633170952,187.0773455674169,0
0,0,0,0,39,1,0,0,2,2,0,0,0,2,0,1,2,94.05810443245906,3678.9199023302685,0
0,0,1,0,24,1,0,2,1,1,1,1,1,1,2,0,2,31.882726291488847,759.9462069145151,0
0,0,1,0,15,1,2,2,1,1,1,1,1,1,2,1,0,32.379887200843555,491.15818786431834,0
0,0,0,0,4,1,2,1,2,0,0,2,0,2,0,0,0,104.75865976378233,413.3758378628576,1
0,0,1,0,26,1,0,2,1,1,1,1,1,1,0,0,3,27.504683486550658,718.5534122205515,0
0,1,1,0,23,1,2,0,0,0,2,0,0,0,0,0,2,65.6627156750887,1515.5238802605702,0
0,0,1,1,0,0,1,0,0,0,2,0,0,0,2,0,1,73.45080427274698,9.858332455845462,0
1,0,0,1,29,1,0,1,0,0,0,2,0,0,0,1,3,95.71273639697151,2790.0017568179715,0
0,0,0,0,28,1,2,1,0,0,2,2,2,2,2,0,0,116.61202924013821,3278.2391080719494,1
0,0,1,0,28,0,1,1,0,2,2,2,2,0,0,1,0,67.50947106117417,1884.963474621149,0
1,0,0,1,30,1,0,0,0,2,0,0,0,2,2,0,2,85.67380416754497,2568.743937664909,0
0,0,1,0,8,1,0,0,2,0,2,0,0,0,0,1,2,97.44088394543526,767.7918206113986,1
1,0,0,0,31,0,1,1,0,0,2,0,2,2,0,0,2,102.8992485334038,3187.519851660173,1
0,1,1,0,39,1,0,1,2,0,2,0,2,2,0,1,3,97.1781273944532,3790.1901398323207,1
0,0,0,1,6,1,0,0,0,2,0,0,2,2,0,0,3,85.00126470631979,505.96798888862446,1
0,0,1,0,7,1,0,1,0,0,2,2,0,0,1,1,3,76.2866438022949,528.9706609315693,0
1,0,1,0,7,1,0,0,2,0,0,0,0,2,0,1,2,70.84014563652474,506.20182123319773,0
1,0,1,0,34,1,0,0,0,0,0,0,2,0,1,0,3,90.72762788683625,3093.81417760334,0
0,0,1,0,0,1,0,1,2,2,2,0,2,2,0,1,2,123.69482983062571,3.9912204785204475,1
0,0,0,1,13,1,2,1,0,0,0,0,0,0,0,1,0,113.34179968314956,1460.6682898453148,1
0,0,1,0,11,1,0,0,0,0,0,2,0,0,2,1,1,67.880686525543,748.6968607759753,0
1,0,1,1,23,1,2,1,0,2,2,2,2,0,0,1,2,100.1408103475364,2299.3963222839375,0
1,0,1,0,31,1,0,2,1,1,1,1,1,1,2,1,2,35.90318325659169,1126.1559555623132,0
0,1,1,0,20,0,1,0,0,2,2,0,0,2,0,1,0,70.86603762060074,1399.2978449452812,0
0,0,1,1,15,1,2,2,1,1,1,1,1,1,0,1,3,33.07125182111627,490.48054040374757,0
1,1,0,0,35,1,2,0,0,0,0,0,0,2,2,0,2,101.51738522232773,3547.241979698935,0
0,0,1,1,6,1,0,2,1,1,1,1,1,1,0,1,2,30.758231999948602,179.88365168009258,0
0,0,1,0,34,1,2,0,2,2,2,0,2,2,0,0,3,117.21679255978748,3994.946734517746,1
1,0,0,0,17,1,2,2,1,1,1,1,1,1,0,0,2,38.084390861382374,623.9110605317319,1
1,0,1,1,11,1,0,0,0,0,2,0,0,0,0,0,3,100.29394237591654,1101.1528443727832,1
1,0,0,0,2,1,0,2,1,1,1,1,1,1,0,1,1,33.193248953292176,74.893704647759,0
1,0,0,0,14,1,2,2,1,1,1,1,1,1,0,0,3,29.992427125792886,429.695154821184,0
0,0,1,1,37,1,2,2,1,1,1,1,1,1,2,0,0,39.898981043743476,1470.7715200131079,0
1,0,0,1,33,1,2,1,2,0,0,2,2,2,1,1,2,127.58686697363876,4203.5688286366585,1
1,0,0,0,20,1,0,1,0,0,0,0,0,0,1,1,3,90.66480870725756,1816.7583098798784,0
0,0,0,0,34,1,2,1,0,2,0,0,0,2,2,0,1,116.55267912503462,3964.3014571536837,0
0,1,0,0,36,1,0,1,0,0,0,0,2,0,0,0,2,93.61338727152712,3370.775972925249,0
0,0,0,0,28,1,0,1,0,0,0,2,0,2,2,0,0,103.35972119619763,2856.058411524924,0
1,0,1,0,31,1,0,2,1,1,1,1,1,1,2,1,2,36.485286182238525,1119.772149600363,0
1,0,0,0,36,1,0,0,0,2,0,0,2,2,2,1,1,111.69819302947101,4012.5027184324713,0
0,0,0,1,3,1,2,0,2,2,0,0,0,0,0,1,1,77.07900670839511,237.66711874477568,1
0,0,1,0,36,0,1,2,1,1,1,1,1,1,0,1,2,24.250108592738783,858.5963122919055,0
0,0,0,0,31,1,2,2,1,1,1,1,1,1,2,1,2,32.40688336068209,994.1471085725402,0
0,0,0,0,9,1,0,1,0,2,2,2,2,0,1,0,2,116.77761665178464,1049.4547098067376,1
1,0,1,0,34,1,0,1,2,0,0,0,2,0,0,1,2,93.87463030821952,3178.8614787116653,0
0,1,0,0,31,1,0,1,2,2,0,0,0,0,2,0,0,72.8286561303198,2264.1168790917236,0
0,0,1,0,25,1,0,0,0,2,0,2,0,2,0,1,3,107.84072926585874,2692.104194848382,0
0,0,0,0,30,1,2,2,1,1,1,1,1,1,2,0,3,37.73808382886416,1150.4715741888679,0
1,0,1,0,23,1,0,1,0,0,0,2,0,0,0,1,3,79.58255812601276,1824.1016497277046,1
1,0,0,0,39,1,0,2,1,1,1,1,1,1,1,0,3,43.41051959897254,1687.2474323282636,0
1,0,1,0,9,1,2,1,0,0,0,0,0,0,0,1,2,92.94360779034385,844.5368530057877,1
1,0,1,0,28,0,1,1,2,0,0,0,0,0,0,0,0,51.385823986426175,1432.249702353268,1
1,0,1,1,25,1,2,1,0,2,2,2,2,2,0,1,3,104.02114112884281,2615.644211425492,0
0,0,1,0,22,1,0,1,0,2,0,0,2,2,1,0,2,97.45144189213207,2148.760871049628,1
0,0,0,1,24,1,0,0,0,0,0,2,2,2,1,0,2,117.59129720397699,2819.1523335010097,0
0,0,1,0,1,0,1,2,1,1,1,1,1,1,2,1,2,22.438608788462226,20.830628817691448,0
1,0,1,1,25,1,2,1,0,0,2,0,2,0,2,1,2,108.42561582221241,2739.147472926486,0
1,0,0,0,21,1,2,0,0,2,2,0,0,2,1,1,0,108.17849164452004,2276.6348681249005,1
0,0,1,0,19,1,2,2,1,1,1,1,1,1,2,1,0,33.93723352565924,646.3122071469398,0
1,1,1,0,20,1,0,0,0,0,0,0,0,2,0,1,0,100.65171809149,2011.708594277966,0
0,0,0,0,11,1,0,1,0,0,0,0,0,2,0,1,3,94.61101837902615,1051.0928224960903,1
1,0,0,1,9,1,0,1,0,2,0,2,0,2,1,0,1,93.53547157676762,826.6359810529159,0
0,0,0,1,7,0,1,0,0,2,2,0,2,0,0,1,3,57.28942850702052,399.2141193194754,1
1,1,1,1,2,1,0,0,2,2,2,0,0,0,0,1,2,60.5696136041789,92.80265264822276,1
0,0,0,0,6,1,0,0,0,2,0,2,0,0,0,1,1,89.83745596370579,533.6906595231181,1
0,0,0,0,39,1,0,0,0,0,0,2,2,2,0,0,3,111.07552092212548,4340.424584092001,0
0,0,1,1,34,1,0,2,1,1,1,1,1,1,0,1,1,35.0529205009466,1205.6216054207364,0
0,0,1,1,31,1,0,1,0,0,0,2,0,0,0,1,2,100.36316349409687,3117.317770698803,0
1,0,1,1,26,1,2,0,0,0,0,2,2,2,0,0,0,131.51504957904655,3425.7909749701876,0
0,1,1,1,18,1,0,1,0,0,2,0,0,0,0,0,3,82.38885583266753,1465.8403900884693,1
1,0,0,1,34,1,0,1,2,0,0,0,0,0,1,1,2,77.73522810266562,2636.2140173766816,0
1,0,1,0,9,0,1,1,2,0,0,0,0,0,2,1,3,79.65236082080568,731.6152975463724,0
1,0,0,1,11,1,2,0,0,0,0,0,0,0,1,0,3,61.66365260793544,673.0615785824485,0
1,0,1,1,2,1,0,1,0,2,2,0,0,2,2,0,2,106.00097608122255,210.64212814151392,1
1,1,1,0,38,1,0,1,0,0,2,0,0,0,1,1,0,66.29347822544153,2511.0965527032013,0
0,0,1,1,17,1,0,2,1,1,1,1,1,1,0,1,2,40.42993305104179,677.971347012808,0
1,0,0,0,34,1,0,1,0,0,0,0,0,0,1,0,3,106.69343965987555,3622.874256170972,0
1,0,0,0,22,0,1,1,0,0,2,0,0,2,2,0,3,70.61471986931319,1546.9132774656186,0
1,1,1,0,14,0,1,1,2,0,0,0,2,0,0,1,2,78.82486947389144,1113.1231905926486,1
1,0,1,0,37,1,0,1,0,0,0,2,0,0,0,1,3,75.9549744043761,2812.4877489408086,1
0,0,1,1,22,1,2,0,2,0,0,2,0,0,0,0,2,83.15015765600974,1839.4923066966494,0
0,0,0,1,36,1,0,0,0,0,0,2,0,0,0,0,2,67.1596618995602,2403.8754533508964,0
0,0,1,0,25,1,2,0,2,2,2,0,2,0,0,0,3,96.48738752273368,2424.4392195503824,1
1,0,1,1,28,1,0,2,1,1,1,1,1,1,2,1,2,35.15510523111255,984.5575087116005,0
0,0,0,0,8,1,2,1,2,0,0,0,0,0,0,0,2,81.97435221859655,674.1883015900319,1
0,0,1,1,9,1,0,2,1,1,1,1,1,1,0,0,3,37.678130465667806,338.5754128074037,1
0,0,1,0,23,1,0,0,0,0,2,0,2,2,0,1,0,123.33860822818423,2821.8539711016083,0
0,0,1,0,31,1,2,1,2,2,2,0,0,2,0,1,1,97.79604803635577,3044.5196954057674,0
1,0,1,1,36,1,0,2,1,1,1,1,1,1,0,1,2,38.683806916894774,1391.2521666269765,0
1,0,1,0,18,0,1,2,1,1,1,1,1,1,0,0,2,22.850373751768682,389.78557673516735,0
0,0,0,0,18,1,2,1,0,2,0,2,0,2,1,1,0,92.99726989567677,1675.4028049358787,0
0,0,0,0,34,1,2,0,0,0,0,2,2,0,0,1,2,77.63467364250864,2641.891185103875,0
0,1,1,1,15,1,0,1,2,0,0,0,2,0,1,0,3,117.34092633893059,1770.875022517245,0
0,0,0,0,30,1,2,0,0,0,0,0,0,2,0,0,1,95.68567813760669,2834.6954058160563,0
1,0,0,1,17,1,2,0,0,2,0,0,0,2,0,1,2,90.59124671178678,1551.5398888514883,1
1,1,0,1,25,1,2,2,1,1,1,1,1,1,2,0,2,39.342387209384235,978.8137126871861,0
1,0,1,0,20,1,0,1,0,0,0,0,0,2,0,0,2,99.69712701603872,2013.205019399983,1
0,0,0,0,0,1,0,0,2,2,0,0,0,2,0,1,0,95.71838525963666,-17.18281000840659,1
1,0,0,0,19,1,0,1,0,2,0,2,2,0,0,0,0,99.60101819197367,1897.8727346667067,1
1,0,1,0,28,1,2,1,0,0,2,0,0,2,0,1,2,112.57171209021111,3156.1251268334636,1
0,0,1,0,32,1,0,1,0,0,2,0,2,2,2,1,3,82.3785689427499,2631.8930588653907,0
0,0,0,0,39,1,2,1,0,0,2,0,0,2,2,1,3,115.2354128937787,4486.443043806283,0
1,0,0,1,7,1,2,0,2,0,0,0,0,0,0,1,1,101.3598909232087,705.7817861853498,1
0,0,0,0,25,1,0,0,0,0,0,0,2,2,0,0,3,80.88633376244304,2018.6911411554518,1
1,0,0,0,15,1,2,0,0,0,2,0,2,2,2,1,3,88.72226898555176,1318.2996547188995,1
1,1,1,0,35,0,1,1,2,2,0,2,0,0,0,1,3,53.673957626854786,1888.51843864043,0
1,0,1,0,3,1,0,1,0,0,0,0,0,2,0,1,3,102.95515294986299,297.943455385268,1
1,0,0,0,13,1,0,2,1,1,1,1,1,1,2,1,3,31.751956904076923,423.00734953080007,0
1,0,0,0,9,1,0,2,1,1,1,1,1,1,2,0,1,35.35470103630527,300.30296367423824,0
1,1,1,0,32,1,2,1,0,2,2,2,2,0,1,0,3,97.59072963437603,3121.131450498114,0
0,1,0,0,32,1,2,0,0,2,0,0,2,2,2,1,2,107.13181845683656,3426.595125288412,0
1,0,1,0,7,1,2,1,2,0,0,0,2,0,0,0,2,104.86315985008693,733.8841752311729,1
1,0,1,0,3,1,0,1,2,2,2,0,2,2,0,0,3,104.77744389806922,323.8952904910007,1
1,1,1,0,17,1,2,1,0,0,0,0,0,0,1,1,0,103.99574340458665,1765.9041656783954,0
1,0,0,0,12,1,2,1,0,0,0,0,2,0,2,1,1,86.70257071911041,1035.851554526488,1
1,1,0,1,34,1,0,0,2,0,0,0,0,2,0,0,0,91.48354089238839,3108.4471144925983,0
1,0,0,0,22,1,0,0,0,2,0,0,0,2,0,1,2,84.3922305577056,1866.4391408252206,1
0,0,1,0,9,1,0,1,0,2,0,2,0,2,1,1,3,68.5416259708389,604.8185642562031,0
1,0,0,0,39,1,0,2,1,1,1,1,1,1,1,0,3,42.64941246167575,1653.1204010072897,0
1,1,0,0,15,1,0,1,2,0,0,0,0,0,2,1,1,107.84034941212654,1598.0382586576654,0
1,0,1,1,27,1,2,1,0,2,0,0,0,0,0,1,0,76.21188021666181,2077.993252808733,0
0,1,1,1,2,1,0,1,0,0,2,0,2,0,0,0,1,99.64899249500381,187.7005377071831,1
1,0,1,1,7,1,0,2,1,1,1,1,1,1,0,1,2,34.63055920359141,223.55959786642254,0
0,0,1,0,5,1,0,0,0,0,2,0,0,2,1,0,2,75.13123770685293,367.5671971478105,0
0,1,1,1,33,1,0,0,2,2,0,0,2,0,0,1,1,104.71924428340246,3449.6105088717627,0
1,0,1,0,30,1,2,2,1,1,1,1,1,1,2,0,1,42.85436641275841,1300.2855523951564,0
1,0,1,1,28,1,2,0,0,2,0,0,0,0,0,0,2,89.58279876395153,2503.6693731348896,1
1,1,0,1,20,1,0,0,2,0,0,0,2,2,0,0,2,100.18818554196109,2006.6814036463156,0
1,0,0,0,6,0,1,0,0,2,0,0,2,2,0,0,2,103.22741151592899,601.4566710483216,1
1,1,0,1,29,1,2,2,1,1,1,1,1,1,0,0,3,32.92971693000928,957.0416258880857,0
0,0,1,0,25,1,2,0,2,0,2,0,0,0,2,0,0,88.38292857195508,2193.0852518516845,0
1,0,0,0,32,1,0,1,0,2,2,2,0,2,0,0,2,88.71345834739482,2835.6947166283057,1
1,1,0,0,1,1,0,1,0,2,0,0,0,0,1,1,0,95.54614979246851,87.94743998263918,1
0,0,0,0,28,1,2,1,2,0,0,0,0,0,1,1,2,80.52655946037805,2255.3263798622497,0
1,0,0,1,13,1,2,1,0,0,2,0,0,0,0,1,2,100.37484767863958,1311.2171068837008,1
0,0,1,0,26,1,0,0,0,0,2,2,2,0,2,0,0,70.24336693871088,1812.9685808985014,0
1,1,1,0,28,1,0,0,0,0,2,2,2,2,1,1,1,100.5244261325136,2803.3197474281565,0
0,0,1,0,22,1,0,2,1,1,1,1,1,1,1,0,2,31.121359680111954,686.6058030219087,0
0,1,1,1,26,1,2,0,0,2,2,2,2,2,2,1,2,83.14781448257027,2168.7160336548523,0
1,0,1,0,30,1,2,2,1,1,1,1,1,1,2,0,1,43.95010132589526,1332.6767917278057,0
1,0,0,1,9,1,2,1,0,0,0,0,0,0,0,0,2,74.61669471373293,666.8313351200695,1
1,0,1,1,22,1,2,1,0,0,0,0,2,2,0,1,3,111.02967342086684,2427.7380285099616,0
0,0,1,0,36,1,0,1,0,0,0,0,2,0,0,1,2,111.73138571077091,4024.196142783359,1
0,0,0,0,30,1,2,1,0,0,2,0,0,0,0,1,3,87.24814636449872,2609.497953756082,0
0,0,1,0,14,1,0,0,2,0,0,0,0,0,1,1,1,92.84347630276353,1290.5644662630248,0
0,0,0,1,19,1,0,0,0,0,2,0,2,2,1,1,1,81.69311108141608,1566.2508812905583,1
1,0,0,0,1,1,2,1,2,0,0,0,2,2,1,1,1,114.81808533556195,121.00525343643318,1
0,0,0,0,38,0,1,2,1,1,1,1,1,1,2,0,2,23.420323984331723,882.6915327618422,0
0,0,0,0,13,1,0,1,0,0,0,2,2,2,1,1,0,101.66813575894598,1321.498649512881,0
0,0,0,0,37,1,2,0,0,0,2,2,2,0,0,1,0,111.87165614121537,4138.394507343759,0
0,1,1,0,30,1,2,1,2,2,0,2,0,0,0,0,3,101.94381788745243,3059.9654928019104,0
0,1,0,0,14,1,2,1,0,2,0,2,2,0,2,1,0,72.40962168743664,1009.6753074905339,0
0,0,1,0,34,1,2,0,2,2,2,0,2,2,0,0,3,108.73347259983565,3677.9374431180418,1
1,0,1,0,39,1,2,1,2,0,0,0,2,0,0,0,2,82.05502521518672,3190.3824816422257,0
0,0,0,0,24,1,2,2,1,1,1,1,1,1,1,1,2,35.827934487484626,854.550461847083,1
1,1,0,0,35,1,2,0,0,0,0,0,0,2,2,0,2,103.0389179532898,3606.643246027805,0
0,0,1,1,0,1,0,1,2,0,2,0,0,0,1,1,2,80.864347500626,-10.8229436218015,1
0,0,0,1,13,1,2,1,0,2,2,2,2,2,1,1,2,110.52495383721619,1438.6872492627513,1
1,0,0,1,30,1,2,2,1,1,1,1,1,1,1,1,1,41.42276323012467,1238.8701822918993,0
1,0,1,1,12,1,0,1,0,0,2,0,2,2,0,1,1,101.2812109893807,1207.77978085367,1
1,0,1,0,14,1,2,0,0,2,0,0,2,0,2,0,1,86.75523023237194,1201.870462013563,0
1,0,1,0,11,1,0,1,2,0,0,0,2,0,2,1,2,81.68907999161563,903.0447940716864,0
1,0,0,0,28,1,0,0,0,2,0,0,2,0,0,1,2,99.34193558295914,2785.8166301810857,0
0,0,0,1,17,1,2,1,0,2,0,0,2,2,1,1,0,102.43742770371111,1749.4384797809787,1
0,0,1,0,8,1,2,1,2,0,0,2,2,2,0,0,3,123.7638130262619,995.6033864663979,0
1,0,0,0,14,1,2,1,0,0,0,0,0,2,1,1,1,96.92764256387628,1363.228340442213,0
0,0,0,0,39,1,0,1,0,0,2,0,0,0,1,1,2,85.0274551045479,3319.891535273969,0
1,1,1,1,31,1,0,1,2,2,0,2,0,2,0,1,0,89.04958468476538,2742.9530284417224,0
0,1,0,1,18,0,1,0,0,2,2,0,2,2,2,0,1,97.75189652620105,1756.7429486771555,0
0,0,0,0,6,1,0,0,0,2,0,2,0,0,0,1,1,90.892209601343,531.029432990489,1
0,0,0,1,20,1,2,0,0,2,2,0,0,0,0,0,0,86.7113980937327,1747.9200826295842,1
1,0,0,1,9,1,2,0,0,2,2,0,2,0,0,1,1,90.07392139845753,810.5251553390535,0
0,0,1,0,14,1,0,2,1,1,1,1,1,1,1,0,1,41.53078951818591,594.1286117094547,0
1,0,1,0,9,1,0,1,0,0,2,0,2,0,0,1,2,95.31036015206146,847.4900184507133,1
0,0,1,0,11,1,0,0,2,0,2,0,0,0,0,0,2,83.8240697608293,921.1460752101955,0
1,1,1,0,20,1,0,0,0,0,0,0,0,2,0,1,0,95.67008282299001,1916.0353989568891,0
0,0,1,0,8,1,0,0,0,0,2,0,0,0,0,1,0,95.55237211453151,761.109955460217,1
1,0,0,0,2,1,0,2,1,1,1,1,1,1,0,1,1,32.50420666433811,66.88630732617544,0
1,0,0,0,38,1,0,0,0,2,0,2,2,0,2,1,3,92.98166449479203,3548.124885369181,0
1,0,1,1,25,1,2,1,0,2,2,2,2,2,0,1,3,109.75418778126102,2733.5355603015328,0
1,1,1,0,11,0,1,2,1,1,1,1,1,1,1,1,3,23.25534857031195,229.42960940054766,0
1,0,1,1,4,1,2,1,0,0,2,2,0,0,2,0,3,70.87632552696532,299.5115435011945,0
1,0,0,0,12,1,0,2,1,1,1,1,1,1,0,0,2,36.546371352235,430.63983386043435,0
0,0,1,0,18,1,0,2,1,1,1,1,1,1,2,1,3,39.64832709748532,724.8948847169617,0
1,0,0,0,14,1,2,0,0,0,0,0,0,2,2,1,0,80.51258784581202,1133.6953628440765,0
0,0,1,0,33,1,0,2,1,1,1,1,1,1,1,1,0,37.03781919204354,1220.0811653571097,0
0,0,0,1,13,1,2,1,0,2,2,2,2,2,1,1,2,100.41684855211564,1309.2224790739467,1
0,0,0,0,22,1,0,1,0,0,0,0,0,0,0,1,2,96.01409823261832,2100.904818473968,1
0,0,0,1,28,1,2,1,0,0,0,0,2,0,2,1,1,109.64194496126599,3070.833430459376,0
0,0,1,1,7,1,0,2,1,1,1,1,1,1,0,1,2,31.416927734543364,225.85889618965737,1
0,0,0,0,37,1,0,0,0,2,0,0,0,0,0,1,2,72.81707571550413,2686.4884742102877,0
1,0,1,1,12,1,0,2,1,1,1,1,1,1,1,1,0,40.93894420811658,487.46441952628214,0
0,1,1,0,6,1,0,2,1,1,1,1,1,1,2,1,2,33.41850338733063,203.63695552149701,0
0,0,1,1,17,1,0,1,0,0,0,0,0,2,2,1,0,96.63526590921715,1656.0322575532377,0
1,0,1,0,4,1,0,1,2,0,2,2,0,0,0,1,2,93.90538573268185,375.58999453199965,1
0,0,0,0,19,1,0,1,0,2,0,0,0,2,1,0,3,87.5179990667769,1658.5353838226713,1
1,0,1,0,37,1,2,0,2,2,2,0,0,0,0,1,0,111.17109536778355,4111.866370862646,0
0,0,1,0,23,1,0,1,2,0,0,0,0,2,1,1,1,61.912645628291926,1435.592608920768,1
0,0,0,1,15,1,2,1,0,2,2,0,2,0,0,0,0,115.5172366527585,1726.3434264330629,1
1,0,1,0,7,1,2,0,0,0,0,0,2,0,1,0,3,85.81732645684052,597.718961226825,0
0,0,1,1,21,0,1,0,0,0,2,2,0,0,0,1,1,72.2566571068237,1511.067191460949,0
1,0,1,1,31,1,0,1,0,0,0,0,0,0,0,1,0,75.07539623750662,2325.294118014933,1
0,0,0,1,31,0,1,1,0,0,0,0,2,2,0,1,2,95.18501791955678,2952.872511529638,1
1,0,1,0,29,1,0,1,0,2,0,2,0,2,0,1,3,121.42529804627424,3531.672425357164,1
1,0,0,0,3,1,0,1,0,0,0,2,2,0,0,1,0,78.10936960374404,213.0823559637932,1
0,0,0,0,25,1,0,0,0,0,0,0,2,2,0,0,3,87.64997819487972,2196.8043440296133,1
0,0,1,0,21,1,2,1,0,0,0,0,2,2,0,1,1,89.05536854579323,1861.2468406376563,1
0,0,0,0,20,1,0,1,0,0,2,0,2,0,1,0,3,97.59701697295336,1957.8710395103703,1
0,0,1,0,26,1,2,2,1,1,1,1,1,1,2,0,2,31.63650545650775,834.9454917622135,0
1,0,0,0,31,1,0,1,0,0,0,0,2,0,2,0,2,120.00136068890257,3729.998131475978,1
0,0,0,0,25,1,0,0,0,0,0,0,2,2,0,0,3,87.3687316747716,2185.797879670879,1
0,0,0,1,28,1,2,1,0,0,0,0,2,0,2,1,1,113.59193155967579,3188.9190730105124,0
0,0,0,0,34,1,0,1,0,0,2,0,0,0,0,0,1,95.34374200513511,3232.253388810687,0
0,0,1,0,4,1,0,1,0,0,0,0,0,2,0,1,3,87.17922379101395,348.03859430607514,1
0,0,0,0,14,1,2,1,0,0,0,2,0,0,2,0,0,85.10503380794744,1206.665184278074,1
0,1,0,0,34,1,0,0,2,2,0,0,0,0,2,0,3,80.47192794543015,2728.152994846862,0
1,0,0,1,12,1,0,0,2,2,0,0,0,2,2,0,0,112.81497952604906,1355.7524459629828,0
1,0,0,0,23,1,0,0,0,0,0,0,0,2,0,1,1,104.77989088310453,2406.2457365886257,1
1,0,1,1,13,1,0,1,0,0,0,0,0,0,1,1,2,70.31063064494758,912.0871136821927,0
0,0,0,1,36,1,0,1,0,2,0,2,2,0,2,1,3,105.23129519617335,3792.387339013706,0
0,0,0,0,2,1,0,1,0,2,0,0,2,0,1,1,1,91.59906363028408,180.5029382084341,1
1,0,0,0,24,1,0,0,0,0,0,2,0,0,2,0,1,95.60375755914447,2294.456089954086,0
1,0,0,1,8,1,0,0,0,0,2,0,0,0,1,0,2,97.74016250568191,776.8754673493306,0
1,0,0,0,15,1,0,1,0,2,2,0,0,0,0,0,2,100.61072022591314,1490.9105201369878,1
1,0,0,0,30,0,1,1,0,0,2,0,0,0,0,0,1,47.75262748800294,1434.5097659223757,1
1,0,0,1,31,1,0,1,0,0,0,2,0,0,0,1,2,71.1014608055001,2208.5399853370154,0
1,0,0,0,35,1,2,0,2,0,2,0,0,0,0,1,2,73.28034629772732,2578.633855062497,1
1,0,1,0,19,1,0,1,2,0,0,2,0,0,2,0,2,94.59763675084093,1796.0364436346072,0
1,0,0,0,0,1,0,1,0,2,0,0,2,0,2,0,1,87.71547221344663,-13.947085314093687,1
0,0,1,1,38,1,0,1,0,0,0,2,2,0,0,1,2,70.15028107546219,2658.1705989268307,0
1,0,1,0,19,1,0,1,2,0,0,2,0,0,2,0,2,102.4941776565656,1952.7932989281387,0
0,1,1,0,25,1,0,1,0,2,0,2,0,2,0,1,2,103.20261704815914,2579.2201310976475,1
1,0,1,1,27,1,0,0,0,2,0,0,0,0,0,0,2,107.8061132943572,2913.557967789232,0
1,0,1,0,10,1,0,0,0,0,2,0,0,0,2,1,2,103.31839328507196,1029.6531314658425,0
0,0,1,0,26,1,0,2,1,1,1,1,1,1,0,0,3,27.903013230306016,744.176433128768,0
1,0,1,0,8,1,0,1,2,0,2,0,2,2,0,1,0,123.45459474546006,1004.9166380764954,1
1,1,0,0,15,1,0,1,0,0,0,2,2,2,0,1,1,91.79764714868858,1367.6487509757958,1
0,0,1,0,9,0,1,1,0,2,0,0,0,0,2,1,0,73.08520310706054,666.8571378946534,0
1,0,1,0,6,1,0,1,0,0,0,0,0,2,2,1,1,69.11066887540356,417.7046371505692,0
1,0,1,0,31,1,0,2,1,1,1,1,1,1,1,0,2,34.807627705967846,1079.1720541379,0
0,1,1,0,2,1,0,1,0,0,0,0,2,0,0,1,3,81.49426827402408,154.39165665460635,0
0,1,0,0,19,1,2,1,0,0,2,0,0,0,1,0,1,105.44313962502392,2019.634959209931,1
1,0,1,0,13,1,2,1,0,0,0,0,0,0,0,0,2,86.34861533145016,1134.1845827205095,1
0,0,0,1,8,1,0,0,2,0,0,0,2,0,2,1,1,93.34792695004805,732.212415074193,0
0,1,0,0,1,1,2,2,1,1,1,1,1,1,0,1,0,31.537798168993177,45.372711251586374,1
0,0,0,1,2,1,0,1,0,2,0,0,2,0,0,1,0,81.34048142767435,162.29718015182485,1
0,0,1,1,14,1,0,0,0,2,0,0,2,2,0,1,1,85.7428974586717,1194.4226586809755,0
0,1,0,0,1,1,2,2,1,1,1,1,1,1,0,1,0,29.667553393577386,19.901775747799736,1
0,0,0,0,9,1,0,2,1,1,1,1,1,1,0,1,3,29.729035505497524,277.0095226680851,0
0,0,1,0,36,1,0,1,0,2,2,2,0,2,0,1,2,113.02226090435748,4072.8003477712246,1
1,0,1,1,18,0,1,1,0,0,0,0,0,0,0,0,3,76.17663222782785,1362.4379168982175,1
0,0,0,0,3,1,2,0,0,0,0,0,0,0,2,1,1,104.31830214426449,304.84392854948396,0
1,0,1,1,31,1,0,1,0,0,0,0,0,0,0,1,0,75.47076373941066,2335.718444885594,1
1,0,1,0,3,1,0,1,2,0,0,0,2,0,2,1,2,90.35649751620448,265.9444320922096,0
0,0,1,1,24,1,2,0,0,0,0,2,2,0,1,1,0,85.31538451801491,2052.847031553884,0
1,0,0,0,16,0,1,2,1,1,1,1,1,1,0,0,1,21.703206770195848,351.0386782539717,0
1,0,0,0,38,1,0,1,0,0,2,0,2,0,1,1,1,87.33028325042487,3312.1942644875403,0
0,0,0,0,30,1,2,1,0,0,2,0,0,0,0,1,3,88.56619923667864,2640.41088285261,0
1,0,1,0,11,1,0,2,1,1,1,1,1,1,1,0,0,41.49326882310906,443.0859643857021,1
0,0,0,0,7,1,0,1,0,2,2,0,0,0,2,0,3,79.3457335439849,564.1206898961989,0
0,0,1,0,18,1,0,0,0,0,2,0,0,2,1,1,3,91.74808698078789,1641.5174609187723,0
1,0,0,1,13,1,0,1,0,0,0,0,2,0,0,1,3,76.13564395163422,990.8747233599507,0
0,0,0,0,7,0,1,1,0,2,0,0,2,2,0,0,3,74.20042402812425,501.7713928588488,1
0,0,0,0,29,1,0,1,0,0,2,0,2,0,1,1,2,80.9844386865698,2352.5193202671544,0
1,0,0,1,20,1,2,0,0,0,0,2,0,0,0,1,1,73.16876848968224,1482.5706338493549,0
1,0,1,1,28,1,2,0,0,2,0,0,0,0,0,0,2,90.11682030257717,2509.99029616214,1
0,0,1,0,4,1,2,0,0,0,0,0,2,0,1,0,2,92.96839549323407,377.3705546640835,0
0,0,0,0,12,0,1,0,0,2,0,0,2,2,2,1,2,81.47556757341218,980.4314302120922,0
1,1,1,0,23,1,2,2,1,1,1,1,1,1,0,0,3,36.977478816879945,859.6608522497802,0
1,0,0,1,3,1,0,1,0,2,0,0,0,0,0,0,2,93.3728208432876,278.80605933650617,1
1,0,1,1,26,1,0,1,0,2,0,0,2,2,0,1,0,109.00997574872515,2836.9876188875064,1
0,0,0,0,15,0,1,1,0,2,0,0,0,0,2,0,2,81.72360061236064,1227.6737504669045,0
1,0,1,1,26,1,0,2,1,1,1,1,1,1,0,1,1,42.79330081301077,1118.3542493279874,0
1,0,0,1,0,1,2,1,2,0,0,0,0,0,2,1,0,67.76710919892723,-8.391127050236458,0
1,0,1,0,13,1,0,1,0,0,0,0,0,0,2,0,2,96.53347055374121,1256.8596048124807,1
0,0,1,0,2,0,1,0,0,0,0,0,0,0,0,0,3,82.35638496443497,172.81602590371517,0
0,0,1,0,23,1,0,0,0,0,2,0,2,2,0,1,0,117.03297037573041,2703.438224556046,0
0,0,0,1,32,1,0,1,0,2,0,0,2,2,1,0,2,113.42988129238864,3634.713490511673,1
1,0,0,0,9,1,0,1,0,2,2,2,2,2,0,1,3,138.64794391125588,1236.51192986169,0
1,1,0,1,39,1,0,0,0,0,0,0,0,2,2,0,1,88.6687833932122,3442.5467705800747,0
0,0,0,1,27,1,0,1,2,0,0,0,0,0,0,1,3,73.29660342447512,1983.0945480692344,1
1,1,0,0,25,1,2,1,0,0,0,2,0,2,1,1,2,110.85025077631116,2761.13983187605,0
1,0,1,1,8,1,2,1,0,0,2,0,0,2,0,0,0,106.41511258986462,859.7642467797757,0
0,0,1,0,28,1,2,1,2,2,0,0,0,2,0,1,2,91.07421259559531,2547.2001090410577,0
0,1,0,0,26,1,0,1,0,0,0,0,2,0,0,0,3,113.36795847901944,2957.683079888435,1
0,0,0,0,6,1,0,1,0,0,0,0,2,0,1,0,2,116.87032591917138,722.4801217611162,1
0,1,0,0,37,1,2,0,0,2,0,0,2,2,2,1,2,107.97500444499637,3994.4519377129504,0
0,0,1,0,11,1,0,0,0,0,0,2,0,0,2,1,1,63.32114980214731,695.3726439589307,0
1,0,1,0,17,1,0,2,1,1,1,1,1,1,1,1,2,37.56013179246641,648.6571699639568,0
0,0,0,0,26,1,2,1,0,0,2,0,0,0,0,0,1,71.47961941994052,1869.1091551963505,1
0,0,0,1,12,1,2,0,0,0,0,0,2,0,2,0,0,91.59109548569886,1116.1092275095136,0
1,0,0,0,37,1,0,1,0,0,0,2,0,2,1,0,2,92.30387180501586,3417.2089529787486,0
1,0,0,0,20,1,0,1,0,0,0,0,2,0,2,1,3,113.09836122607659,2255.638554938109,0
1,0,1,0,18,0,1,2,1,1,1,1,1,1,0,0,2,21.401808136193882,385.3096830240318,0
1,0,1,1,11,1,2,0,0,0,2,0,0,0,0,0,2,112.4059334047282,1230.2289755208126,0
0,0,1,1,35,1,0,1,0,0,2,0,0,0,2,0,1,65.10772869153767,2281.168601238106,0
1,0,1,1,7,1,0,2,1,1,1,1,1,1,0,1,2,35.27134180835666,238.2169957798269,0
0,0,0,0,29,1,2,0,0,0,2,0,0,0,0,1,2,65.23296163258753,1900.7759519082213,0
0,0,1,0,13,1,2,0,0,0,0,2,0,0,1,1,0,76.6908223721025,1003.955592383212,0
1,1,0,0,35,1,0,0,0,0,2,0,2,0,2,1,2,95.75141145421703,3352.689733936773,0
0,0,0,1,21,1,2,2,1,1,1,1,1,1,1,1,3,38.538096356203155,809.5557889478257,0
0,0,0,0,1,1,2,1,0,2,0,0,0,0,2,1,2,75.91888614784935,73.9544569660381,1
0,0,1,1,36,0,1,1,0,0,2,0,0,2,2,1,0,84.47639380705021,3054.2727290890243,0
1,0,0,1,13,1,0,1,2,0,0,2,0,2,2,1,2,90.42442582998301,1187.391710616675,1
0,0,0,0,5,1,0,0,0,2,0,0,0,0,0,1,1,88.80580833808189,445.4862102361872,1
1,0,1,0,34,1,0,1,2,0,0,0,2,0,0,1,2,92.32739730715667,3130.565009672267,0
1,0,0,0,33,1,0,1,2,2,2,0,0,2,0,1,0,119.22000578748704,3922.4917077951764,1
1,0,1,1,9,0,1,0,0,2,2,2,0,2,0,0,2,85.6670773803118,773.8799035531835,1
1,0,0,0,23,1,2,1,0,0,0,0,0,0,1,0,3,69.65193848826833,1595.6139658560078,0
0,0,0,0,10,1,0,1,0,2,0,0,0,0,2,1,0,75.29663661327884,757.7257048565496,1
1,1,0,0,14,1,2,0,0,0,0,0,0,0,0,1,0,69.38511674853548,967.5246791057991,0
0,0,0,0,26,1,0,1,0,0,2,2,0,0,0,0,2,110.93872966799121,2892.1445149601573,0
0,0,0,1,24,1,0,0,0,0,0,2,2,2,1,0,2,107.3655721989957,2578.8478852206854,0
0,0,0,0,20,1,2,0,2,0,0,0,2,0,2,1,2,92.88511688982504,1867.6828684160184,0
1,0,1,1,4,1,2,1,0,0,2,2,0,0,2,0,3,72.23310432409706,266.5933647734453,0
1,0,0,0,17,1,0,0,0,2,0,0,0,0,1,1,3,91.05646849729536,1545.6894619957723,0
1,0,0,0,9,1,0,2,1,1,1,1,1,1,0,0,2,36.10085087902562,347.07553924389896,0
1,0,1,1,37,0,1,1,0,2,2,0,2,2,1,1,0,78.02396109235465,2861.854950299753,0
1,1,1,0,18,1,2,2,1,1,1,1,1,1,0,1,2,40.66380618445957,740.3750334931239,0
1,0,0,0,15,1,0,0,0,0,0,2,2,2,0,0,0,86.06571179863334,1295.1657143871896,0
1,0,0,0,37,1,0,0,2,2,0,2,0,0,1,0,3,63.932830169045516,2378.3717267981765,0
1,0,0,0,0,1,2,1,2,2,0,0,0,0,2,0,1,78.63408775360291,-1.7359179552562833,0
1,0,0,1,6,1,0,2,1,1,1,1,1,1,1,1,0,33.92530058217107,215.4553478835552,0
1,0,0,1,20,1,0,0,0,2,0,0,2,0,2,1,2,81.2550628238875,1637.2703145191379,0
1,1,0,0,15,1,0,1,2,0,0,0,0,0,2,1,1,109.63741974320382,1646.5290970750718,0
1,0,0,1,11,0,1,2,1,1,1,1,1,1,0,0,2,21.56667887366747,225.59334882664737,1
0,1,0,0,39,0,1,1,2,0,2,0,2,0,0,1,2,90.42639399580398,3535.759411177174,0
0,0,0,0,35,1,0,1,0,2,0,0,0,0,2,0,1,86.77762751942821,3027.4825932271356,0
1,0,1,0,33,0,1,1,0,0,0,0,0,0,1,0,2,79.80168698136009,2632.081904679239,1
0,0,0,0,12,0,1,1,2,0,0,2,2,2,1,0,2,79.94627636177472,968.8243987829219,0
1,1,1,0,32,1,2,0,0,0,0,0,0,2,0,1,0,98.79248104001654,3172.2800703454363,0
1,1,1,0,28,1,2,0,0,0,0,0,0,2,1,0,2,89.79931437203265,2510.9012126848647,0
1,0,1,0,12,0,1,0,0,0,2,2,0,2,0,0,2,69.04423108447557,834.8006023774446,0
1,0,1,1,14,1,2,1,0,2,0,0,0,0,0,1,0,79.06222793965486,1091.4458250163134,1
1,0,0,0,20,0,1,1,0,0,2,0,0,0,2,0,2,64.98209408138699,1294.9180726150457,0
1,0,1,1,17,1,0,1,2,0,2,0,0,0,0,1,1,78.9744920670949,1357.255554099851,1
1,0,0,0,36,1,0,1,0,2,2,0,0,0,0,1,2,64.35048182037619,2330.051226012004,1
1,0,0,0,2,1,2,1,0,2,0,0,0,0,0,0,2,83.8340864992006,174.36031136255906,0
0,1,0,0,36,1,2,0,0,0,0,2,2,0,0,1,1,82.48064336627665,2967.8848163278744,1
1,0,1,0,32,0,1,0,0,0,0,2,0,2,1,1,2,58.86343654275701,1892.102572534686,0
1,0,0,0,18,1,2,0,0,0,0,0,0,2,2,1,2,118.90279414791753,2140.0180127421377,0
0,0,0,0,13,0,1,0,0,2,0,2,2,2,0,1,2,95.68867465548178,1245.635056596197,0
1,0,1,1,4,1,0,2,1,1,1,1,1,1,2,0,2,30.45676052367737,122.71087117877059,0
0,0,1,1,19,1,0,0,0,0,0,0,0,0,0,0,2,86.34656698362565,1632.8295696282694,0
0,1,1,0,36,1,2,2,1,1,1,1,1,1,2,1,1,32.231822899023726,1167.6048724780478,0
1,0,1,0,10,1,2,1,2,0,0,0,0,0,2,1,0,67.86992513605102,667.9997787547592,0
1,0,0,0,24,1,0,0,0,0,2,0,0,0,2,0,2,106.449187113679,2562.5389392701936,0
1,0,1,1,27,1,2,1,0,2,0,0,0,0,0,1,0,77.22791094656287,2075.547570851478,0
0,0,1,0,28,0,1,1,0,2,2,2,2,0,0,1,0,68.4479327276477,1909.3213592151606,0
1,0,1,0,35,1,0,1,0,0,0,0,0,2,0,1,0,78.99292201307317,2736.343796899528,0
0,0,0,1,24,1,0,0,0,0,0,2,2,2,1,0,2,118.18493069811454,2834.877502237332,0
1,0,1,1,14,1,2,1,0,2,2,0,2,2,0,0,2,82.13582446047113,1151.7934321958894,0
0,0,0,1,31,0,1,1,0,0,0,0,2,2,0,1,2,88.35206682545257,2747.184796669564,1
0,0,0,1,28,1,2,1,0,0,0,0,2,0,2,1,1,111.58101550456074,3137.3771942246876,0
0,0,1,1,24,1,2,0,0,2,0,2,0,0,0,1,2,98.74644937233799,2355.012650657817,0
0,1,0,1,39,1,0,0,0,0,2,0,0,0,0,0,2,69.7718607791952,2730.9508452594114,0
0,0,1,1,27,1,0,0,0,0,0,0,2,0,2,1,2,110.63686497210905,2982.555011710943,0
0,0,0,1,6,1,0,0,0,0,0,2,0,2,0,1,1,72.788519709427,436.0105172744857,1
0,0,0,1,13,1,2,1,0,0,0,0,0,0,0,1,0,103.96526664555279,1350.495782836462,1
0,0,0,1,27,1,0,1,2,0,0,0,0,0,0,1,3,76.33659214174232,2056.5928411188456,1
1,0,0,0,8,1,0,2,1,1,1,1,1,1,0,1,3,39.07058356114947,303.66555792036644,1
1,0,1,1,22,1,2,0,0,2,0,0,0,0,0,0,2,70.86775792341841,1561.8828414673449,1
1,0,1,0,37,1,0,1,0,0,0,2,0,0,0,1,3,77.61894057145453,2880.012251590379,1
1,0,0,0,3,1,0,1,0,0,0,2,2,0,0,1,0,71.89868363917242,203.09833378991732,1
1,0,0,0,9,1,0,2,1,1,1,1,1,1,2,0,1,37.71441053800944,339.2351072783517,0
0,1,0,0,16,1,0,1,2,0,0,0,0,0,0,1,1,68.13912456702506,1083.935870525534,1
1,1,1,0,4,0,1,1,0,2,0,0,0,0,0,0,2,95.8881396249799,394.51177627810546,1
0,0,0,0,14,1,2,1,0,2,0,0,0,0,1,0,1,92.52328809816777,1300.2618288437955,1
1,0,0,1,24,1,0,1,0,0,0,0,0,0,2,1,1,84.08497428939782,2033.1264340898013,1
1,0,0,0,12,1,0,1,0,0,2,0,0,2,1,1,2,85.80706119442613,1014.1970843186222,0
1,0,0,1,7,1,2,1,2,2,0,0,2,2,0,0,2,82.67659247820151,589.0781133510221,1
0,0,1,1,2,0,1,2,1,1,1,1,1,1,2,1,3,23.349121522248986,48.3248971493837,0
0,0,0,0,24,1,0,1,0,2,0,0,2,2,1,1,0,89.58821030784173,2142.865312890249,0
1,0,0,0,0,1,0,0,0,0,2,0,0,0,0,1,2,75.141709364294,4.892034935587032,1
1,0,0,0,39,1,2,0,2,0,0,0,0,0,2,1,2,70.83287884837016,2778.142607814711,0
1,0,1,1,15,1,0,2,1,1,1,1,1,1,1,1,1,43.976681741314366,675.6963673664446,0
0,0,0,1,18,1,0,1,2,0,2,0,0,2,1,1,1,91.39625697233592,1653.3548075446126,1
1,0,0,1,7,1,2,1,2,2,0,0,2,2,0,0,2,88.13589243659786,607.0352001979762,1
1,0,1,0,17,1,0,2,1,1,1,1,1,1,1,1,2,38.10327829750631,650.8543655918326,0
1,1,1,0,38,1,0,1,0,0,2,0,0,0,1,1,0,66.54417168070472,2532.102749627579,0
0,0,0,0,14,1,2,1,0,0,0,2,0,0,2,0,0,87.90518078020538,1243.0926971493118,1
0,0,0,1,29,1,0,0,2,0,0,0,0,2,0,1,3,78.12052026230504,2263.8463358166473,0
0,0,0,0,22,0,1,0,2,2,0,2,0,0,1,0,2,90.06345359848143,1981.5516969967505,1
0,1,1,0,14,0,1,0,0,0,0,0,0,0,2,1,2,70.76313653714499,984.148824590719,1
0,1,0,0,3,1,2,1,0,2,2,2,2,2,2,1,0,91.34379171179084,280.712248341743,1
0,0,0,0,26,1,2,1,0,2,0,0,2,2,0,1,2,100.882665524782,2620.795198752793,1
0,1,1,0,35,1,0,0,0,0,2,0,2,0,0,1,0,88.13078995991559,3086.4374344846015,0
0,1,1,0,14,0,1,0,0,0,0,0,0,0,2,1,2,72.57836785808664,1011.401649884374,1
1,0,0,1,29,1,0,1,0,0,0,2,0,0,0,1,3,104.8790979567539,3041.9662368831873,0
0,0,0,1,32,1,0,1,0,2,0,0,2,2,1,0,2,113.7186875370218,3628.1938711349276,1
0,1,1,0,28,1,2,1,0,0,0,0,0,0,2,0,1,66.78757968099364,1871.6611227360765,0
0,1,1,1,32,1,2,0,0,2,0,2,2,2,0,0,1,90.66480108738325,2895.2478825539874,0
1,0,0,1,12,1,0,0,2,2,0,0,0,2,2,0,0,114.40037048863012,1379.7977314078437,0
1,0,1,0,28,1,0,1,0,2,0,0,2,0,0,1,0,90.95666159570685,2565.261058864837,1
1,0,1,0,7,1,0,1,0,2,0,2,0,0,1,1,0,70.68467196169343,503.24971615306873,0
1,0,0,0,0,1,2,1,2,2,0,0,0,0,2,0,1,82.75834635905426,-11.199225138336157,0
0,0,0,1,19,1,0,0,0,0,2,0,2,2,1,1,1,88.28876493086187,1673.8935665273907,1
0,0,1,1,0,0,1,0,0,0,0,0,0,2,0,1,3,82.84307822810428,-16.096950841174667,1
0,0,1,0,34,1,2,0,2,2,2,0,2,2,0,0,3,123.81109557133054,4209.712950044159,1
0,0,1,0,36,1,0,1,0,0,0,0,2,0,0,1,2,113.04946630307725,4052.0385514169084,1
0,0,0,0,28,1,2,1,2,0,0,0,0,0,1,1,2,82.51452556681568,2298.3929428137944,0
1,1,0,0,14,1,2,0,0,0,0,0,0,0,0,1,0,60.90586602593594,863.6446922664934,0
1,0,0,0,4,1,0,1,2,0,0,2,0,2,2,0,2,80.93884667339714,332.36575523805186,1
0,1,0,0,32,1,2,0,0,2,0,0,2,2,2,1,2,102.16861418432887,3254.1919826588587,0
1,0,0,0,20,1,0,2,1,1,1,1,1,1,1,1,0,38.49278552335712,765.3813088286917,0
0,0,1,1,23,1,2,1,0,0,2,0,0,0,2,1,2,69.83975313329789,1610.9491946150954,0
0,0,0,1,17,0,1,2,1,1,1,1,1,1,1,0,3,23.229229274239128,398.8218302421721,0
0,0,0,0,35,1,0,0,0,0,0,0,2,0,0,0,3,96.00615393175904,3343.943715639483,0
1,0,1,0,25,1,2,0,0,0,0,0,2,2,0,0,2,117.41070849908198,2937.867809298688,0
1,0,0,0,12,1,0,1,0,2,0,0,0,0,0,1,1,74.4420262192279,887.225788322489,1
0,0,1,1,20,1,2,0,0,2,0,2,0,0,0,0,3,66.89322211134566,1349.8511212763724,0
0,0,0,0,13,1,2,0,2,2,0,0,2,0,0,1,3,95.35098915291964,1237.5610612614448,0
0,0,0,0,17,1,0,2,1,1,1,1,1,1,1,1,2,39.49433350189765,674.9965442364828,0
1,0,0,0,10,1,0,0,0,2,0,2,0,0,2,1,0,83.54696673209753,834.3784612461642,0
0,0,0,0,14,1,0,0,2,0,0,0,0,0,0,1,2,58.725836429487245,828.8261546160032,0
1,0,1,0,28,1,2,1,0,0,2,0,0,0,0,1,1,99.48435041291576,2777.881117351544,1
0,0,1,1,1,0,1,1,0,2,0,2,2,2,2,1,3,122.27308832186161,128.95562126865136,0
0,0,1,0,20,1,2,1,2,2,2,0,0,0,0,1,2,98.94411189214347,1990.9718660429432,1
0,0,0,1,18,1,0,1,2,0,2,0,0,2,1,1,1,94.70273183141514,1723.0047794445402,1
0,0,1,1,14,1,0,0,2,2,2,0,2,2,1,0,1,85.3921494382111,1211.3279882445268,0
1,0,0,0,15,0,1,0,0,0,0,0,0,2,0,0,3,97.150636996893,1451.8983366165571,0
1,0,1,0,31,1,0,0,0,0,0,0,2,0,0,0,1,100.73554460603252,3128.573380021694,1
1,0,0,1,28,1,0,1,0,0,0,0,2,0,0,0,2,79.78217880893581,2241.975979026719,0
1,0,0,0,20,1,2,2,1,1,1,1,1,1,0,1,0,38.84125154255895,782.7254794046726,1
1,0,0,0,19,1,0,2,1,1,1,1,1,1,1,1,0,39.51675299687406,758.3530916144861,0
1,0,0,0,17,1,2,0,2,2,0,0,2,0,1,1,0,87.78645061499365,1496.609096590822,0
0,1,0,0,36,1,0,1,0,0,0,0,0,0,2,1,2,98.61585909436796,3544.7183733195675,0
0,0,0,0,11,1,0,1,2,0,2,2,2,0,2,1,1,107.74511710649683,1187.2673937057693,0
1,0,0,0,15,1,2,1,2,0,0,0,2,0,2,1,2,103.32290897704326,1558.3115016686475,0
1,0,0,0,27,1,0,2,1,1,1,1,1,1,2,1,2,35.77121880206531,970.438961588071,0
0,0,1,1,5,1,0,0,0,0,0,0,0,2,0,1,2,84.221861341328,410.14577165487356,1
0,0,0,0,30,1,2,0,0,0,2,0,0,2,2,0,1,91.84347050393616,2746.527932350585,0
1,0,1,1,0,1,2,0,2,2,2,0,2,0,1,1,1,98.90365260602982,-4.092416167420198,1
1,0,1,0,17,1,2,1,0,0,2,0,2,2,0,1,3,112.2039667535081,1905.419299794194,1
0,0,0,0,6,1,0,1,0,2,0,0,2,0,0,1,3,99.50421200173871,598.5980042944708,1
1,0,1,0,6,1,2,1,0,0,0,2,2,2,2,1,1,98.29823947826023,580.018491836519,0
0,0,0,0,39,1,2,1,0,2,2,2,0,2,0,1,0,97.03935170323908,3792.484274767387,0
1,0,1,0,35,1,0,1,0,2,0,0,0,2,2,0,2,102.222026828212,3559.19529574472,0
0,0,0,0,39,1,2,1,0,2,2,2,0,2,0,1,0,99.75361692170453,3895.678076809182,0
0,1,1,1,23,1,0,1,2,2,0,0,0,0,0,0,2,72.19342066601416,1665.514009594526,1
1,0,1,0,1,1,2,1,2,2,0,0,0,2,1,0,1,90.67737004441067,97.11835658574331,0
0,0,0,0,24,1,0,1,0,0,0,0,2,0,2,1,0,119.53121385955443,2838.0792563000596,1
0,0,1,0,14,1,0,0,2,0,0,0,0,0,1,1,1,91.12732309940012,1262.2897685474402,0
1,0,1,0,23,1,2,1,0,2,2,0,0,0,0,1,0,91.14100277616298,2092.7161036776783,1
1,0,0,1,11,0,1,2,1,1,1,1,1,1,0,0,2,24.389623912110277,269.9686834112616,1
0,0,1,0,13,1,0,1,0,0,2,0,0,0,2,1,0,63.050444725246315,818.8418674073491,0
1,1,0,0,3,1,2,2,1,1,1,1,1,1,1,1,2,42.6659389906264,119.86035097217285,1
1,0,0,0,31,1,0,1,0,2,0,2,0,0,2,1,2,83.76242559054343,2609.465633174542,0
0,0,0,0,5,1,0,0,0,2,0,0,2,0,2,1,2,92.3632364762225,465.0564773770065,0
0,0,0,0,3,1,2,0,0,0,0,0,0,0,2,1,1,101.21417132407939,299.69496478400634,0
0,1,0,0,12,1,2,1,2,0,2,0,0,0,1,1,1,75.40640669892596,895.001165083722,1
0,0,1,1,36,1,0,0,0,0,0,0,0,0,0,0,3,111.6223991635442,4019.088502786764,1
0,0,0,0,35,1,0,2,1,1,1,1,1,1,0,1,1,38.988535906019884,1377.185761118376,0
0,1,0,0,35,1,0,2,1,1,1,1,1,1,0,0,2,42.646825663529036,1492.9906964977558,0
0,0,0,0,8,1,0,1,0,2,0,0,2,0,0,0,0,85.60818210649208,684.5449825202222,1
1,0,0,1,34,1,0,0,0,2,0,0,0,0,0,1,1,66.11394220232953,2248.536858825653,1
1,1,1,0,11,0,1,2,1,1,1,1,1,1,1,1,3,22.8077119883841,252.09099054908432,0
1,0,0,1,26,1,2,0,0,0,0,0,0,0,0,1,0,107.89523088356728,2802.9441372264046,1
1,1,0,0,3,0,1,0,2,0,0,2,0,0,0,0,1,80.47984385562314,231.71098151418752,1
0,0,1,0,31,1,2,1,2,2,2,0,0,2,0,1,1,97.29398887223557,3031.403798130474,0
1,0,0,0,0,1,0,2,1,1,1,1,1,1,0,1,1,37.11191508109015,6.374926022597396,0
0,1,1,1,33,1,0,0,2,2,0,0,2,0,0,1,1,98.72670145806727,3279.1524820812097,0
1,0,0,1,37,1,0,0,0,0,0,0,0,0,0,0,1,68.76202058630128,2549.1703211128224,0
0,0,1,0,9,1,0,0,0,0,0,0,0,0,0,1,2,63.853324346630714,572.366999684642,1
0,0,0,0,26,1,2,0,0,2,0,2,0,2,0,0,2,87.58980467404767,2267.8765547169364,1
1,0,0,0,27,1,0,2,1,1,1,1,1,1,2,1,2,39.50330446968506,1063.2892629597532,0
0,0,1,0,13,1,0,0,2,0,0,2,2,0,2,1,0,103.78585609261407,1337.6866996864928,0
1,0,0,0,7,1,2,1,0,2,2,0,2,2,2,1,2,89.98257029736492,650.8563988425664,1
1,0,0,0,37,1,0,1,0,0,0,2,0,2,1,0,2,88.1539152629555,3261.5245476343775,0
1,0,1,1,17,1,0,1,2,0,2,0,0,0,0,1,1,79.43200621463093,1358.2046717297208,1
1,0,0,0,15,1,0,0,0,0,0,0,0,2,0,0,2,102.18054064006526,1542.3277961591507,1
0,0,1,0,0,1,2,0,2,0,0,2,0,0,1,0,0,69.16460041646063,10.809151324642842,0
1,0,0,0,37,1,2,1,2,0,0,0,0,2,2,1,1,111.10170460828125,4136.241768342764,0
0,0,0,1,11,1,0,1,2,0,2,2,0,2,1,1,3,89.94342295674556,988.423533558838,1
0,0,1,1,31,1,0,2,1,1,1,1,1,1,1,0,1,39.48810206837131,1222.3125434775427,0
1,0,0,0,15,1,2,1,2,0,0,0,2,0,2,1,2,94.42808868739408,1418.0661332306793,0
0,0,1,1,24,1,2,0,0,0,0,2,2,0,1,1,0,78.40929762020376,1889.3085581724915,0
1,0,1,1,31,1,0,1,0,0,0,0,0,0,0,1,0,76.879624564241,2385.057132584638,1
1,0,0,1,25,1,2,0,0,2,0,2,0,2,1,1,3,96.44199810891908,2408.3614400494967,0
0,0,1,0,25,1,2,1,2,2,0,0,0,2,0,1,0,88.50053866454526,2205.354092659282,0
1,0,1,0,10,1,2,1,2,0,0,0,0,0,2,1,0,67.521073316847,667.4672383292321,0
0,0,1,1,0,0,1,0,0,0,0,0,0,2,0,1,3,78.69496350901467,2.6947268336039603,1
0,0,0,1,29,1,0,0,2,0,0,0,0,2,0,1,3,76.05649434298851,2195.6495534473156,0
0,0,1,1,27,1,0,0,0,0,0,0,2,0,2,1,2,111.19522179695704,2984.1306625321913,0
0,0,1,1,14,1,0,0,0,2,0,0,2,2,0,1,1,93.19382418081138,1305.865933828892,0
0,0,1,0,25,1,0,0,2,0,2,2,0,0,0,0,2,77.0371047720662,1937.5539184780225,0
0,0,1,0,1,0,1,1,2,2,0,0,0,0,1,0,2,73.17644122115011,79.79455072749816,1
1,0,0,1,13,1,2,1,0,0,2,0,0,0,0,1,2,92.89532388976173,1207.4603321610825,1
1,0,1,1,31,1,0,0,0,2,2,0,0,0,2,1,1,62.46250300868834,1940.3676115932003,0
1,0,1,1,4,1,0,1,2,0,0,2,2,2,2,1,2,137.9301929180192,535.2496146424653,0
0,0,0,0,23,1,2,2,1,1,1,1,1,1,0,0,2,35.53941112242826,810.5100541712757,1
1,0,0,0,9,0,1,2,1,1,1,1,1,1,0,0,1,24.615616567110692,238.3212361969144,0
1,0,1,0,23,1,2,1,0,2,2,0,0,0,0,1,0,86.09589682868554,1992.046814535727,1
0,0,1,1,27,1,0,0,0,0,0,0,2,0,2,1,2,108.5151735542604,2922.793959254667,0
1,0,1,1,13,1,0,2,1,1,1,1,1,1,1,0,1,34.12641695502266,461.18654299943705,0
0,1,0,0,39,0,1,1,2,0,2,0,2,0,0,1,2,89.30026983710427,3475.531614728931,0
0,1,1,1,23,1,0,1,2,2,0,0,0,0,0,0,2,76.62273135262706,1754.0909007257067,1
1,0,1,0,13,1,2,1,2,0,2,0,2,2,2,0,2,83.45596539727032,1100.286725846188,0
0,0,0,0,12,1,0,1,0,0,0,0,0,2,0,0,3,84.29472270351148,1024.6140729759354,1
0,0,1,1,14,1,2,2,1,1,1,1,1,1,1,1,3,37.26980999469094,515.8917448996415,0
1,0,0,0,38,1,0,1,0,0,2,0,0,0,0,1,0,95.26830597444933,3619.704738783235,1
1,0,1,0,3,1,0,1,2,2,2,0,2,2,0,0,3,98.41423054897486,291.82569183200735,1
1,0,0,0,19,1,0,1,0,2,0,0,0,0,1,1,0,89.02069076471369,1696.4345100806047,0
1,0,0,0,20,1,0,1,0,0,0,0,0,0,1,1,3,84.92811940182702,1714.2363072212127,0
0,0,0,0,0,1,0,1,2,0,0,0,0,0,0,1,3,58.50848957081153,5.321545423629521,1
1,0,0,1,34,1,0,0,0,2,0,0,0,0,0,1,1,65.40808166737108,2222.735732574727,1
1,0,0,0,30,0,1,0,0,0,2,0,2,0,0,0,0,71.33240898054238,2126.509269323834,0
1,0,0,0,39,1,0,2,1,1,1,1,1,1,0,1,0,37.89779547288941,1485.7936547618708,0
0,0,0,0,8,1,0,2,1,1,1,1,1,1,0,1,3,42.07632249822016,324.3811084962702,1
1,0,0,0,35,1,0,0,0,0,0,0,0,2,2,1,3,77.30838799553493,2703.922249158766,0
1,0,0,1,23,1,2,1,0,0,0,0,0,0,0,1,2,90.87250740069426,2099.6500266542907,1
1,0,1,0,10,1,0,1,0,0,0,2,0,0,0,1,2,98.15130109019269,989.6252655034101,1
1,0,1,0,31,1,0,2,1,1,1,1,1,1,1,0,2,30.991580242607224,969.1261202740716,0
1,0,0,1,11,0,1,2,1,1,1,1,1,1,0,0,2,22.887302146099064,258.7495359589136,1
1,0,1,0,25,1,0,0,0,0,2,0,2,0,2,1,1,81.74187422177076,2045.0054501581064,0
1,0,0,0,34,0,1,0,2,0,0,0,0,0,0,0,2,63.18249273319975,2151.2262991730095,0
0,0,0,0,16,1,2,0,0,0,0,0,0,2,0,0,2,71.77625019196849,1149.3407057187,1
0,0,0,0,24,1,2,0,2,2,0,0,2,0,0,1,2,104.36542260995769,2509.5959169612092,0
1,1,0,0,35,1,2,0,0,0,0,0,0,2,0,0,2,92.9123314654044,3257.2839656992032,0
1,1,1,0,39,1,2,1,2,0,0,0,0,2,1,1,0,89.53158684634641,3493.065171929463,0
1,0,0,0,4,1,2,2,1,1,1,1,1,1,0,1,0,33.686654882598624,139.88476075503507,1
0,0,0,0,12,0,1,0,0,2,0,0,2,2,2,1,2,83.04081532574673,989.6415736253657,0
0,0,0,1,8,1,2,1,2,2,2,2,0,0,2,0,0,60.275577715571394,479.1350549470823,0
0,0,1,0,18,1,0,0,0,0,2,0,0,2,1,1,3,93.35117011189347,1682.6260476243192,0
0,0,1,1,14,1,0,0,2,2,2,0,2,2,1,0,1,88.15732899230956,1253.4377357180092,0
1,0,1,1,26,1,2,1,0,2,2,0,0,0,1,1,0,105.28555693012764,2742.714388624615,1
1,0,1,1,26,1,2,1,0,2,2,0,0,0,1,1,0,91.66113581664976,2381.8421717655924,1
1,0,0,0,30,0,1,1,0,0,2,0,0,0,0,0,1,47.90498835716105,1434.9474120968189,1
1,0,0,0,28,1,2,0,0,2,0,0,0,2,0,1,0,74.98627492623284,2107.057353021989,0
0,0,1,1,7,1,0,2,1,1,1,1,1,1,0,1,2,33.68205354034292,234.80176158897504,1
0,0,1,0,27,1,2,0,0,2,0,2,0,0,0,1,3,53.21761856202163,1443.2495110300401,0
0,0,0,0,24,1,0,1,0,0,0,0,2,0,2,1,0,113.59840502456822,2731.477761150569,1
1,0,1,0,15,1,2,1,0,2,0,0,2,0,0,0,1,81.14625056391671,1204.7329787867502,0
1,0,1,0,0,0,1,0,2,0,0,0,0,0,1,0,1,81.2972340389768,4.727850227216749,0
0,0,1,0,37,1,2,0,2,2,2,0,2,0,0,1,3,89.55488132441428,3318.186847143436,0
1,1,0,0,37,1,0,1,2,0,0,0,0,2,1,1,0,86.65777743843009,3214.304443902968,0
1,1,0,0,25,1,2,1,0,0,0,2,0,2,1,1,2,102.99291605225285,2566.452067428002,0
0,0,0,0,39,1,0,0,0,0,0,2,2,2,0,0,3,99.21218819713644,3880.2164406896413,0
0,1,0,0,18,1,0,1,2,2,2,0,0,2,0,1,0,106.22812413334131,1910.438259487241,1
1,1,1,1,31,1,0,1,2,2,0,2,0,2,0,1,0,86.50106134340221,2701.4156449791494,0
0,0,1,1,22,1,2,0,2,0,0,2,0,0,0,0,2,82.16251544854346,1825.0996694135367,0
0,1,0,0,9,1,2,1,0,0,0,0,0,0,0,0,0,94.1115354964219,840.9232175506785,1
1,0,1,0,30,1,0,1,2,0,2,0,2,0,0,1,0,94.85641931345666,2832.0003934547294,0
1,0,0,0,12,1,0,1,0,0,2,0,0,2,1,1,2,83.27379438362699,1006.2579570492823,0
1,0,0,0,11,1,0,0,0,2,0,2,2,0,0,1,3,82.35558131776217,897.7117041593044,1
1,0,1,0,32,0,1,0,0,0,0,2,0,2,1,1,2,64.56234564047098,2077.47013572585,0
0,0,1,0,36,0,1,2,1,1,1,1,1,1,0,1,2,21.3702802228372,774.6287067982101,0
0,0,0,1,19,1,0,0,2,0,0,0,0,0,0,1,0,78.16924934127411,1470.6796475727324,1
1,0,1,0,33,1,2,1,0,0,0,0,2,0,2,0,2,77.9871428795023,2581.396357465511,1
0,0,0,1,17,0,1,2,1,1,1,1,1,1,1,0,3,21.65516272293093,369.5102754754335,0
0,0,0,0,39,1,0,0,2,2,0,0,0,2,0,1,2,93.29540942758719,3642.642083915175,0
1,0,1,0,18,0,1,2,1,1,1,1,1,1,0,0,2,21.237975362086946,397.52402251555316,0
0,1,1,0,37,1,0,0,2,0,0,2,2,2,0,1,0,111.15137035953263,4111.301481682086,0
1,0,1,0,9,1,2,1,0,2,0,0,0,0,2,1,1,90.32316358022425,820.4886895358495,1
0,1,1,0,39,1,0,1,2,0,2,0,2,2,0,1,3,94.59162996232195,3683.0896818271344,1
1,1,0,0,13,1,2,2,1,1,1,1,1,1,2,1,2,32.066621485265,411.1280300256439,0
1,1,1,0,37,1,0,2,1,1,1,1,1,1,0,1,2,32.161976379261034,1187.8116508959267,0
1,0,0,0,15,1,0,0,0,0,0,0,0,2,0,0,2,113.34633948454756,1693.9912782440626,1
0,0,0,1,4,1,0,1,0,0,2,0,2,2,2,1,3,78.09091716645587,318.0422836492086,0
1,0,1,1,28,1,2,0,0,2,0,0,2,2,0,1,2,103.22145434451379,2876.9663589883735,0
1,0,1,0,20,1,0,0,2,0,0,0,2,0,2,0,2,76.20698119382473,1532.4350953196838,1
0,1,1,0,30,1,2,1,2,2,0,2,0,0,0,0,3,94.05112605323914,2813.918495724258,0
0,0,0,0,2,0,1,0,0,2,0,0,0,0,1,1,1,82.30106773147892,168.37918110112037,0
1,0,1,1,33,1,0,0,0,2,0,0,0,0,1,1,2,83.07608112624453,2729.636344551348,0
0,0,0,1,19,1,0,0,0,0,2,0,2,2,1,1,1,77.53931142002317,1478.0242407180242,1
1,0,1,0,26,1,2,1,0,0,0,2,0,0,1,0,0,62.10012040009103,1625.443205361803,0
0,0,1,0,33,1,2,1,2,0,0,2,0,0,2,1,2,88.0134039214186,2904.5400411362334,0
1,0,0,0,0,1,2,2,1,1,1,1,1,1,1,1,1,38.65434767201479,15.486822387779739,0
1,0,0,0,16,1,0,1,0,2,2,2,0,2,2,1,1,94.34005057272239,1508.0417356441412,0
0,0,1,1,38,1,0,1,0,0,0,2,2,0,0,1,2,66.77148943387994,2541.4302760062365,0
1,0,0,0,29,1,2,2,1,1,1,1,1,1,0,1,1,29.143008840183587,835.8925866343479,0
1,0,1,0,18,0,1,2,1,1,1,1,1,1,0,1,3,22.170335075948746,403.450340395322,0
0,0,0,0,14,1,0,0,0,0,0,0,0,0,1,1,0,76.49847074574946,1065.2971975133748,1
1,1,0,0,23,1,0,1,0,0,2,2,0,0,0,0,2,69.85292667075441,1599.4134002914548,1
0,0,0,0,30,1,2,2,1,1,1,1,1,1,2,0,3,33.355051365516026,1016.4525770446899,0
0,0,0,0,29,1,0,1,0,2,2,2,2,2,1,1,2,95.45190715319521,2755.4030988909226,1
1,0,0,0,31,1,0,1,0,0,0,0,2,0,2,0,2,107.16686892639585,3321.0252521464863,1
1,0,1,0,11,1,0,1,2,0,0,0,2,0,2,1,2,72.67644393447506,806.5687859200126,0
0,1,0,1,30,1,0,1,2,0,2,0,2,0,0,1,2,95.00382601962619,2852.455489650948,0
0,0,0,0,33,1,2,2,1,1,1,1,1,1,2,1,2,33.91194278106667,1100.6208418461292,0
1,0,0,0,2,1,2,1,0,2,0,0,0,2,1,1,2,86.35219576511471,178.74348422695726,1
0,0,0,1,29,1,2,1,0,0,0,0,2,0,2,1,3,110.76103878822089,3198.2801352743327,0
0,0,1,0,30,0,1,1,0,0,0,0,2,0,0,1,3,66.11248616427613,1978.942065441828,1
0,0,0,1,11,1,0,1,2,0,2,2,0,2,1,1,3,91.05492376796659,999.1617349222893,1
1,0,1,0,1,1,0,0,2,2,0,0,0,0,2,1,2,74.11790577210006,44.917612568954475,0
1,0,0,0,2,1,2,1,0,2,0,0,0,2,1,1,2,82.98694703481995,164.91488842127725,1
0,0,1,0,37,1,0,0,0,2,0,0,0,0,1,0,3,60.136902485838036,2231.72416594762,0
0,1,0,0,34,1,0,2,1,1,1,1,1,1,1,1,1,38.00485789615171,1290.4643242088205,0
0,1,0,0,34,1,0,0,2,2,0,0,0,0,2,0,3,70.96798229257692,2414.7606960816215,0
0,0,1,1,22,1,2,0,2,0,0,2,0,0,0,0,2,84.50037946201346,1881.6262167021544,0
0,0,1,0,21,1,2,1,0,2,2,0,0,0,1,1,3,88.14967793274887,1862.39763891791,1
1,0,1,0,31,1,0,2,1,1,1,1,1,1,2,1,2,38.578042174841734,1196.5131655972123,0
1,0,1,0,24,1,2,2,1,1,1,1,1,1,1,1,2,30.234329745366754,751.4940021744322,0
0,0,1,0,33,1,0,1,0,0,0,0,2,2,0,0,1,93.76306653214927,3087.817485316935,1
0,1,1,1,17,1,0,0,0,0,2,0,0,0,0,1,2,70.82755742531438,1209.2652473109522,0
0,0,0,0,4,1,2,0,0,0,0,0,2,2,1,0,3,93.26426864940387,357.29083556854647,0
0,0,1,0,22,1,2,1,0,0,2,0,0,0,0,1,0,90.16372327197476,1987.5851920336868,0
0,0,1,1,23,1,2,1,0,0,2,0,0,0,2,1,2,66.12299988577588,1519.714894278722,0
0,0,1,0,1,0,1,1,2,2,0,0,0,0,1,0,2,79.77978139817857,80.38771406636597,1
0,0,1,1,17,1,0,2,1,1,1,1,1,1,0,1,2,39.80632023275279,680.4122579065838,0
0,0,1,0,1,1,0,0,0,0,0,0,2,2,0,1,2,87.61443107572599,90.41447022564901,1
1,1,0,0,35,1,2,0,0,0,0,0,0,2,0,0,2,86.93344174648092,3031.944188705336,0
0,0,1,0,30,1,2,2,1,1,1,1,1,1,0,0,3,31.330924987412462,936.094298256434,0
0,0,0,0,8,1,0,1,2,0,0,2,0,2,0,1,0,93.03590039875262,744.3478103298376,1
1,0,0,1,30,1,0,1,2,0,2,0,0,2,0,1,0,113.29732200371981,3384.6279040012437,0
0,1,1,0,14,1,0,0,0,2,2,0,2,2,0,0,0,99.83247220802568,1405.6803054173924,0
0,1,0,1,30,1,0,1,2,0,2,0,2,0,0,1,2,87.4658297808129,2642.803716521888,0
0,0,1,0,37,1,2,0,2,2,2,0,2,0,0,1,3,85.69091143318946,3173.5991583737846,0
1,1,0,1,34,1,0,1,2,0,0,0,2,2,2,1,3,92.61103992919509,3143.498225941432,0
1,1,0,0,30,1,2,1,0,2,2,2,0,2,0,0,2,79.9645146609788,2375.9161952181803,1
0,0,0,1,8,1,0,1,0,0,2,0,0,2,1,1,3,115.25176470458679,906.8050350735751,0
1,0,0,0,14,1,2,0,0,0,0,0,0,2,2,1,0,72.95617599757573,1024.7787526062143,0
0,0,0,1,25,1,0,1,0,0,0,0,2,0,0,0,3,90.2421086980168,2268.677082818395,1
1,1,0,0,14,1,0,1,2,0,2,0,0,0,0,1,1,87.459990385311,1222.2390217040818,1
0,0,0,0,15,1,2,0,0,2,0,0,0,2,0,0,2,80.46819069545684,1192.1504477544572,0
1,0,0,0,29,1,2,0,2,2,0,2,2,2,1,1,1,89.26149337646987,2579.873055476395,0
0,0,1,1,19,1,0,1,0,2,2,0,0,2,1,1,0,90.95189227011618,1722.3636656564372,0
1,0,1,0,12,1,2,1,0,2,0,0,2,0,2,1,0,83.09389198015397,977.801230125355,0
1,0,0,0,33,1,0,1,2,2,2,0,0,2,0,1,0,110.56317656292796,3645.4791642218224,1
1,0,0,0,38,1,0,0,0,0,0,2,2,2,0,0,2,104.02755139665824,3961.970820656554,1
1,0,0,1,8,1,0,0,2,0,2,2,2,0,0,1,0,105.80659957851836,829.6349774709773,0
1,0,1,0,36,1,0,2,1,1,1,1,1,1,0,1,1,40.1988947767498,1441.5638114349863,0
1,0,0,1,9,1,0,1,0,2,0,2,0,2,1,0,1,91.12290141755199,799.863070003325,0
1,0,0,0,28,1,2,0,0,0,0,2,0,0,0,0,1,82.57110329948594,2303.799398952743,0
1,0,0,0,24,1,2,0,0,2,2,0,2,0,2,0,2,73.1335674104084,1753.725177559489,0
0,1,1,0,38,1,2,2,1,1,1,1,1,1,2,0,0,35.82930976856126,1371.7258333304228,0
1,1,1,0,32,1,2,0,0,0,0,0,0,2,0,1,0,100.18026086303917,3210.3254339530727,0
0,0,0,0,7,0,1,0,0,2,2,0,2,0,1,1,2,70.8155540807482,483.8744015511169,0
1,0,0,0,7,1,2,1,0,2,2,0,2,2,2,1,2,90.8329645810912,636.77056516284,1
1,1,0,0,14,1,0,1,2,0,2,0,0,0,0,1,1,79.30287243385831,1106.9008799606545,1
1,0,0,0,3,1,0,1,0,0,2,0,0,2,2,0,1,77.204712942934,231.48543754832318,1
0,0,1,1,29,1,2,2,1,1,1,1,1,1,2,1,2,35.18358001595302,1018.328872186141,0
1,0,1,0,30,0,1,0,2,2,0,0,0,0,0,1,3,84.31814231765287,2532.677990207077,0
1,1,0,0,23,1,0,1,0,0,2,2,0,0,0,0,2,70.00600458884044,1611.9492319095377,1
1,0,0,0,32,0,1,0,0,0,0,0,0,2,0,0,0,71.34322399276466,2291.647502586375,0
1,0,1,0,9,0,1,1,2,0,0,0,0,0,2,1,3,77.91443049797182,702.3957933484446,0
1,0,0,0,34,1,0,1,0,0,0,0,0,0,2,1,1,78.16021621209039,2674.346658317079,0
0,0,0,1,6,1,2,1,2,0,2,0,0,0,0,1,2,99.77700901829071,603.854315948578,1
0,0,1,1,24,1,0,2,1,1,1,1,1,1,1,0,2,39.68514935398296,967.2266878416643,0
1,0,0,0,11,1,0,0,2,0,0,0,0,0,0,1,2,77.23752216034538,856.8152439947665,0
0,1,0,0,3,1,2,1,0,2,2,2,2,2,2,1,0,98.33392234517467,288.27390967390494,1
1,0,1,1,22,1,0,0,0,0,0,0,0,0,1,0,3,76.627327589353,1698.2303859365907,0
1,0,1,1,32,1,0,2,1,1,1,1,1,1,0,1,2,38.40871045973026,1240.9205059948467,0
1,1,1,0,4,0,1,1,0,2,0,0,0,0,0,0,2,84.21688608321472,308.1469582402027,1
1,0,0,0,13,1,0,2,1,1,1,1,1,1,2,1,3,29.852960256560692,382.60402988357333,0
0,0,1,0,29,1,0,1,0,0,0,0,0,0,2,1,2,102.8892153166339,2998.214835252291,0
0,0,1,0,23,1,0,0,0,0,2,0,2,2,0,1,0,121.36302643820929,2801.8934884705677,0
1,1,1,0,4,0,1,1,0,0,0,0,2,0,0,0,2,90.37625597255499,346.90084879903117,1
0,0,1,0,18,1,0,2,1,1,1,1,1,1,2,1,3,40.595876778859655,739.3134001718594,0
1,0,1,0,11,1,2,0,2,2,0,2,0,2,1,1,0,102.4710453243448,1144.4538475802885,0
1,1,0,0,27,1,0,0,0,0,2,0,2,2,1,0,2,112.40355078136906,3040.9628553273524,0
0,0,0,0,32,1,0,0,0,2,2,2,0,0,1,1,3,85.53681812507372,2722.4196182462133,0
1,0,0,1,35,1,2,2,1,1,1,1,1,1,1,0,0,43.460763473768715,1513.2885682404628,0
0,0,0,0,18,1,2,1,2,0,0,0,0,0,2,1,2,74.8029211261262,1350.4576240200188,0
0,0,0,0,0,1,0,1,2,2,2,0,0,0,0,1,2,71.68613602179882,-2.1553496319514958,1
1,0,1,1,0,1,2,1,0,0,0,0,0,2,1,0,1,94.94563421137876,12.776626762061136,0
1,0,1,0,31,1,0,2,1,1,1,1,1,1,2,1,2,36.47909966048799,1138.1645768316248,0
1,0,1,0,30,0,1,0,2,2,0,0,0,0,0,1,3,94.07722628411337,2841.948565288807,0
0,1,1,0,14,1,0,0,0,2,2,0,2,2,0,0,0,93.50451169906987,1319.2693329076244,0
1,0,1,0,23,1,0,1,0,0,0,2,0,0,0,1,3,69.7241534547321,1609.1809029318415,1
1,0,1,0,37,1,0,1,0,0,0,2,0,0,0,1,3,76.51331824976427,2827.8494320529485,1
0,0,0,1,9,1,0,1,0,0,2,0,0,2,2,0,2,96.31442335330927,880.8744278093629,1
0,1,1,0,2,1,2,0,2,2,2,0,0,2,1,1,2,116.66326633817978,233.38151611274907,1
0,0,1,1,6,1,0,2,1,1,1,1,1,1,0,1,2,30.93474833553662,175.34948933015792,0
0,0,0,1,3,1,0,0,0,2,0,0,0,0,0,1,3,93.34693899827754,280.52252522980876,0
1,0,0,0,39,1,0,1,0,0,0,2,2,0,1,1,3,84.22052192486808,3283.6817992865467,0
1,0,0,0,12,1,0,1,0,2,0,0,0,0,0,1,1,73.7495938449146,875.0597242418943,1
0,0,1,0,8,1,2,0,0,0,0,2,0,0,2,1,3,59.204544110039215,481.9147376751004,0
0,0,0,1,10,1,0,2,1,1,1,1,1,1,0,1,3,33.23003877027853,330.89610539524784,0
0,0,0,0,17,1,2,2,1,1,1,1,1,1,1,1,0,29.193445782413505,500.24446452911695,0
0,0,0,0,24,1,2,0,2,2,0,0,2,0,0,1,2,110.96659010427081,2655.389076440168,0
0,0,1,1,1,1,0,2,1,1,1,1,1,1,0,0,1,29.739320823700336,28.092608871794432,1
0,0,1,0,35,1,2,0,2,0,2,2,0,2,2,0,3,109.0161300857853,3823.3078146263624,0
1,0,1,0,7,1,0,1,0,2,0,2,0,0,1,1,0,76.68552811387308,534.3304137773171,0
1,0,0,0,23,0,1,1,0,0,2,0,2,0,2,0,0,86.29584800479185,1981.1510884111858,0
0,0,0,0,30,1,2,1,0,0,2,0,0,0,0,1,3,94.5236606613633,2857.552956865324,0
1,0,1,0,13,1,2,1,0,2,2,0,0,0,0,1,3,77.41006861658394,1009.4928412712732,1
1,0,1,0,7,1,0,2,1,1,1,1,1,1,0,0,2,38.29765881788894,275.4166770040777,1
0,0,0,0,31,1,2,1,0,0,2,0,2,0,2,0,0,114.66076191510362,3561.945998688752,0
1,0,1,0,14,1,2,0,0,2,0,0,2,0,2,0,1,87.52825598068836,1226.365220096296,0
0,1,0,0,27,0,1,0,0,0,0,0,0,0,0,1,0,66.69469907198949,1806.033121217222,1
1,1,0,1,20,1,0,1,2,0,0,0,0,0,0,1,2,104.57699365715817,2081.809755128011,1
1,0,0,0,38,1,0,1,0,0,2,0,2,0,1,1,1,100.8052675641186,3845.0822529554553,0
1,0,1,0,3,1,2,1,0,0,2,2,2,0,0,1,2,78.2174809701433,247.12194052220568,1
0,0,1,0,25,1,0,2,1,1,1,1,1,1,2,1,2,33.389294904323116,836.6345182967947,0
1,0,0,0,28,1,2,0,0,0,0,2,0,0,0,0,1,80.74726399109285,2260.986950507437,0
1,0,1,0,0,1,2,0,2,2,0,0,0,0,2,1,3,72.62544251636817,-12.396230704465657,1
1,0,0,1,11,0,1,2,1,1,1,1,1,1,0,0,2,23.22134881292516,265.7279466590729,1
0,0,1,1,29,1,0,0,0,2,0,0,0,2,2,0,2,76.97514409013685,2229.728810588605,0
1,1,1,0,28,1,2,0,0,0,0,0,0,2,1,0,2,85.57906109703531,2402.3113797999163,0
0,0,0,0,19,1,2,0,0,2,0,0,2,0,0,1,3,90.27402204334487,1700.7996788832281,0
1,0,0,0,12,1,0,2,1,1,1,1,1,1,0,0,2,36.020132710818324,438.55613869344427,0
1,0,0,0,11,0,1,0,0,2,0,0,0,0,0,1,3,59.88477437867675,656.9800076190929,0
1,0,1,0,17,1,2,1,0,0,2,0,2,2,0,1,3,112.38992926942619,1910.747876299092,1
1,0,1,0,24,1,2,0,0,0,2,0,0,0,0,1,0,68.76531941383377,1636.1895482718176,0
0,0,0,1,27,1,0,1,0,2,2,2,0,0,0,1,0,91.94859369887521,2489.402672838164,0
0,0,0,0,15,1,2,0,2,0,0,2,2,0,0,1,3,111.07651724642699,1660.0225051752327,1
0,0,1,0,19,1,2,0,0,2,0,0,0,2,2,0,3,97.80468792370363,1857.8189580055018,0
0,1,0,0,37,1,2,0,0,2,0,0,2,2,2,1,2,109.60784588717935,4063.5321078397437,0
1,0,0,0,31,1,0,2,1,1,1,1,1,1,2,0,3,37.74442901674534,1169.2206109795834,0
0,0,1,1,21,0,1,0,0,0,2,2,0,0,0,1,1,73.67403127407373,1567.0170863778797,0
1,1,1,0,18,1,2,2,1,1,1,1,1,1,0,1,2,39.397790011746274,700.172189559125,0
0,0,0,0,29,1,2,0,0,0,2,0,0,0,0,1,2,61.183366668502806,1776.7224908681176,0
1,0,0,0,32,1,0,0,0,0,2,0,2,0,0,0,2,76.5388270182667,2453.375696219328,0
1,0,0,0,6,1,2,1,0,0,2,0,0,0,0,0,2,82.63556403066428,485.623656380817,1
1,0,1,1,36,1,0,1,0,0,2,0,2,0,0,1,2,73.53972871654182,2648.3043238716773,1
0,1,0,1,11,1,0,1,0,0,0,0,0,0,0,0,3,79.70871893293817,874.8470906914434,0
1,1,0,1,12,1,0,1,0,0,2,0,0,2,1,1,2,82.92945747759087,997.4116339905515,1
0,0,0,0,37,1,2,1,0,2,0,0,0,0,0,1,3,64.18717198014443,2379.46184305955,0
1,0,1,1,28,1,0,1,0,0,0,2,2,0,2,1,0,71.01993901408207,2002.5408007139033,0
0,0,1,0,23,1,2,0,2,0,0,2,0,2,0,0,0,103.48250917102874,2382.979449225975,0
0,0,1,1,24,1,0,1,0,0,0,2,2,0,0,1,2,95.3945893919855,2294.9408367218834,1
1,0,0,0,15,0,1,0,0,0,0,0,0,2,0,0,3,96.83175410992891,1467.4694713179586,0
0,0,0,0,32,1,0,2,1,1,1,1,1,1,0,1,3,33.63442840982022,1060.4590717456697,0
0,0,0,0,31,1,2,1,0,0,2,0,2,0,2,0,0,116.00323737498682,3593.488390415904,0
1,1,1,0,14,1,2,0,0,0,2,2,0,2,1,1,2,75.42237671685466,1056.29499267138,0
0,0,1,0,10,1,0,0,0,2,0,0,0,0,0,1,3,88.37655572411849,868.2099538350068,1
1,0,0,0,19,1,2,1,0,0,2,0,0,2,0,1,0,77.29343998238689,1469.34216437017,0
1,0,1,0,30,1,0,1,2,0,2,0,2,0,0,1,0,97.6674303598596,2906.4648516684474,0
1,1,1,0,0,1,0,0,0,0,2,0,2,2,0,1,2,80.73075426734806,7.055377246507755,1
0,1,1,0,22,1,2,1,0,0,2,2,2,0,2,1,1,67.62527978390649,1472.9733008883513,0
0,0,1,0,7,1,0,1,0,0,0,0,2,0,0,0,1,115.0526448673391,792.8566646696052,1
1,0,0,0,29,1,2,0,2,2,0,2,2,2,1,1,1,78.30409913977111,2276.062318585623,0
0,0,1,1,24,1,0,1,0,0,0,2,2,0,0,1,2,94.48393339631825,2250.9386680358307,1
0,0,1,1,30,1,0,0,0,0,2,2,0,2,2,0,2,71.61954242980202,2169.1240756396987,0
0,0,1,0,3,1,0,1,0,2,0,0,2,0,2,1,0,117.87986639761301,354.8056268499649,0
0,0,1,0,23,1,0,0,0,0,2,0,2,2,0,1,0,112.92500190603162,2596.3041130263387,0
1,0,0,0,32,1,2,0,0,2,2,0,0,2,0,1,2,79.80807214464174,2565.890237149169,1
1,0,1,0,7,0,1,1,2,0,0,2,2,0,0,0,1,81.80050744905154,571.8064637524782,1
1,1,0,0,4,1,2,0,0,2,0,2,2,2,0,0,0,91.96996112789527,370.2861564198878,1
1,0,0,0,32,0,1,0,0,0,0,0,0,2,0,0,0,82.48783891505919,2638.0518434746555,0
1,0,0,0,30,1,0,1,0,2,0,0,2,2,2,1,2,103.95279380505968,3113.565643122234,1
0,0,0,0,23,1,2,0,0,2,0,0,2,2,0,0,2,134.41979233768674,3095.3670988176905,1
0,0,1,0,6,1,2,0,0,0,0,0,0,0,0,0,2,99.40730876265997,601.6941331172305,1
1,0,0,0,26,1,0,1,2,0,0,2,0,2,0,0,1,85.71921837367715,2215.9682952628486,0
0,0,0,1,31,0,1,1,0,0,0,0,2,2,0,1,2,95.57609777276431,2954.0473012074317,1
1,0,1,0,26,1,2,1,0,0,0,2,0,0,1,0,0,59.599642716663865,1542.9965601083002,0
1,0,1,0,3,1,2,0,0,0,2,0,0,0,0,1,2,90.29059801445347,270.57591189240947,1
1,0,1,0,30,1,0,1,2,0,2,0,2,0,0,1,0,102.55271532261683,3080.038065853327,0
1,0,1,0,38,1,2,0,2,0,2,0,0,0,0,1,0,65.2739899448307,2501.97247435202,0
0,0,0,1,24,0,1,2,1,1,1,1,1,1,2,1,1,23.38952484063135,564.0989976874731,0
1,1,0,0,35,1,2,0,0,0,0,0,0,2,2,0,2,98.15526329007483,3433.6907783386164,0
1,0,0,0,30,1,2,1,0,0,0,2,2,0,0,1,0,103.8164860972868,3107.345775172496,1
0,0,1,0,23,1,2,0,2,0,0,2,0,2,0,0,0,114.4183667375298,2641.475260620277,0
1,0,1,1,22,1,0,0,0,0,0,0,0,0,2,0,2,83.25471934600486,1831.4848008998704,0
1,0,1,1,23,1,0,0,0,0,2,0,0,2,0,1,2,77.06484363126334,1775.908949200577,1
0,0,0,0,11,1,0,1,2,0,0,0,0,2,1,1,3,93.69732824392206,1030.663819037068,1
0,1,1,0,1,1,2,1,0,2,2,0,2,2,0,0,3,75.88771149589685,81.39348492138163,1
0,0,1,1,24,1,2,0,0,0,0,2,2,0,1,1,0,88.90343466590731,2138.4694320386957,0
0,1,1,0,33,0,1,1,0,2,2,0,2,2,0,0,2,91.06492605049088,3008.8809867169293,1
1,0,0,1,24,1,0,2,1,1,1,1,1,1,0,0,2,40.41180897186779,969.9217461877521,0
1,1,1,0,14,0,1,1,2,0,0,0,2,0,0,1,2,83.83986222307465,1174.6923590445151,1
1,0,1,0,6,0,1,1,0,0,0,0,2,0,2,0,2,82.35758603145965,497.968711778685,0
0,0,0,0,32,1,0,0,0,2,2,2,0,0,1,1,3,82.41879565649126,2618.159499158498,0
0,0,1,0,37,1,2,0,2,2,2,0,2,0,0,1,3,85.87857228201236,3177.1664481462694,0
1,1,0,1,39,1,0,0,0,2,0,0,0,0,2,1,3,84.68407457406656,3312.486803119235,0
0,1,1,1,11,1,2,0,2,2,0,0,2,2,0,1,2,96.0265487579544,1051.4888912240879,1
1,0,0,0,18,1,0,0,0,0,2,2,0,0,0,1,1,96.2438553591437,1711.4882064770566,0
0,0,1,0,26,1,0,1,2,2,0,0,0,0,2,1,3,86.93163370594274,2246.3721257906045,0
0,0,0,0,15,1,2,0,0,2,0,0,0,2,0,0,2,83.70674485958891,1256.353148263748,0
0,0,0,1,12,1,0,1,0,0,0,2,2,0,0,0,3,108.16618420124549,1290.7866147327436,1
1,0,0,0,5,1,0,1,2,0,2,0,0,2,1,1,2,78.72008728375589,394.93968586263975,1
0,0,1,0,12,0,1,1,0,2,0,0,0,0,0,1,0,52.50718127743146,629.9015536546549,0
1,0,1,0,31,1,2,2,1,1,1,1,1,1,0,0,0,30.67433478705472,946.2128373897106,0
0,1,0,0,11,1,2,1,0,0,0,0,0,0,0,0,1,75.47464349679709,821.0711002418666,1
1,0,0,0,29,1,2,2,1,1,1,1,1,1,0,1,1,32.55338932160041,946.003159874228,0
0,0,1,1,39,1,2,2,1,1,1,1,1,1,0,0,3,31.088368207488386,1213.1356770463947,0
1,0,1,1,22,1,2,0,0,2,0,0,0,0,0,0,2,76.59037047913796,1683.7492555714089,1
1,0,1,1,23,1,2,1,0,2,2,2,2,0,0,1,2,104.98874513642306,2423.465282508301,0
1,0,1,1,12,1,0,1,0,0,2,0,2,2,0,1,1,104.0196661316276,1250.2493379617795,1
1,0,1,0,25,1,2,1,2,0,2,0,0,0,2,1,3,91.6024813294676,2284.101717876962,0
1,0,0,0,34,1,0,1,0,2,2,0,0,2,0,1,0,108.4330584553116,3683.138047979858,0
1,0,0,0,6,0,1,0,0,2,0,0,2,2,0,0,2,112.18163015344335,672.470471434868,1
0,1,0,1,24,1,0,0,2,0,2,0,0,2,2,0,2,67.61762107806217,1624.0548136052255,0
1,0,1,0,3,1,2,0,0,2,0,0,0,2,0,1,3,108.97419321522506,340.2867313532347,0
0,0,0,1,29,1,0,1,0,0,0,0,2,0,2,0,2,110.14409132357889,3211.059420792704,0
0,0,0,0,4,1,2,1,0,0,0,0,2,0,1,1,2,107.47034355989896,425.1919211190074,0
1,0,0,0,36,1,0,0,0,2,0,0,2,2,2,1,1,111.57151056565394,4006.380309044816,0
1,0,0,0,29,1,2,1,0,0,0,2,0,2,0,1,0,106.44713894826923,3081.538214368199,0
1,0,0,1,34,1,0,0,0,2,0,0,0,0,0,1,1,64.09489270527827,2183.4276146066395,1
1,0,0,0,23,1,0,2,1,1,1,1,1,1,0,0,2,39.07411254626763,907.0324520460475,1
1,0,1,1,3,1,0,1,0,2,2,0,0,0,1,0,2,61.247934352004606,179.6626544870829,0
1,0,0,1,12,0,1,1,0,2,2,0,0,2,0,0,3,68.1598370562161,808.7762788607438,1
0,0,1,0,24,1,0,2,1,1,1,1,1,1,0,1,2,39.75344956352163,957.9064012228413,0
1,0,1,1,28,1,2,0,0,2,0,0,2,2,0,1,2,104.71080199735738,2938.1383851486926,0
0,0,1,1,28,1,2,0,0,0,0,0,2,2,0,1,1,82.0641571022955,2308.1428359157403,1
0,0,0,0,0,1,0,1,0,0,0,0,0,2,2,1,3,101.39760712884672,-6.377172101134722,0
0,0,0,0,9,1,0,1,0,0,0,2,2,0,0,1,2,91.95786032394729,830.9093676676936,1
0,0,0,1,6,1,0,0,0,2,0,0,2,2,0,0,3,90.01353527464133,523.7642159432824,1
1,0,0,0,2,1,0,1,0,0,0,0,2,0,1,1,2,78.2117927299036,155.36661487827956,1
0,0,1,0,18,1,2,1,0,2,0,2,0,2,2,1,1,100.22801509126926,1811.289416706816,0
0,0,0,1,4,1,0,1,0,0,2,0,2,2,2,1,3,69.98826885203522,294.79028232479703,0
0,1,1,0,10,1,0,2,1,1,1,1,1,1,0,1,2,37.68750976771172,379.8967272158372,1
0,0,1,1,22,1,0,0,2,0,0,0,0,0,1,1,3,94.8647194143142,2084.606325688333,0
1,0,1,0,15,1,0,1,0,0,0,0,0,2,0,1,0,65.61054565600416,970.0985754996673,0
0,0,1,0,4,1,0,1,2,0,2,2,2,2,0,0,1,126.50597404352689,508.30760717675315,1
1,1,1,0,33,1,0,1,0,0,0,0,0,0,1,1,0,68.13543680773543,2254.787003845916,0
0,0,0,0,35,1,0,2,1,1,1,1,1,1,0,1,1,39.40883240881584,1389.4457919086246,0
0,0,0,0,8,1,0,1,2,0,0,2,0,2,0,1,0,87.60295213176975,703.2557341607065,1
1,0,1,0,18,1,2,1,0,2,0,0,0,0,0,1,3,82.84515383258592,1481.6580553181348,1
0,0,1,0,30,1,2,0,0,0,2,0,2,0,0,1,2,114.5831726647812,3443.0302183553504,1
0,0,1,1,2,0,1,2,1,1,1,1,1,1,2,1,3,21.475213109214053,59.84922151199396,0
1,0,0,0,20,1,0,0,0,0,0,2,0,0,0,1,0,106.23056161029474,2121.9872464656883,0
1,0,1,0,29,1,2,0,0,0,2,0,2,0,2,0,2,90.09003321938489,2604.5865026862025,0
1,0,1,0,36,0,1,0,0,2,0,0,0,0,1,1,0,47.939113525240884,1722.5113188037963,0
1,0,1,1,36,1,0,2,1,1,1,1,1,1,0,1,2,39.12152876357973,1408.2432490476472,0
0,0,1,0,26,1,0,0,0,0,2,2,2,0,2,0,0,81.18512865461159,2105.5785297385833,0
0,0,0,1,3,1,0,0,0,2,0,0,0,0,0,1,3,97.56155651964328,299.7479979637759,0
0,0,1,0,26,1,0,2,1,1,1,1,1,1,0,0,3,30.277504760537855,791.5224255929986,0
1,0,1,0,7,1,0,1,0,2,0,2,0,0,1,1,0,72.2734587085513,502.57095784422535,0
0,0,0,1,25,1,0,1,0,0,0,0,2,0,0,0,3,77.06183808612035,1926.3476997244975,1
0,0,1,1,34,1,0,2,1,1,1,1,1,1,0,1,1,36.353852217018414,1220.640316879844,0
0,0,1,1,4,1,0,1,0,0,0,0,0,0,2,0,2,104.25443404373506,420.2302789300341,0
1,0,1,1,34,1,0,0,0,0,2,0,0,2,0,1,2,106.27825951682091,3599.5227571381606,0
0,0,0,0,28,1,2,1,0,0,2,2,2,2,2,0,0,118.49051065615348,3314.9609828113976,1
1,0,1,0,4,1,0,1,2,0,2,2,0,0,0,1,2,96.77926057576722,382.5035976657653,1
0,0,1,1,0,1,0,1,2,0,2,0,0,0,1,1,2,92.31557486963253,4.6657900064934825,1
1,0,1,0,33,0,1,1,0,0,0,0,0,0,1,0,2,80.91742088620082,2665.8334686457974,1
1,0,0,0,24,1,0,0,0,0,0,2,0,0,2,0,1,98.54541112109995,2364.620287430899,0
1,0,1,1,1,1,2,2,1,1,1,1,1,1,1,1,1,34.73640001679369,49.68832035479306,0
0,0,0,0,0,1,0,1,2,2,2,0,0,0,0,1,2,67.07550651007531,-15.694320397731794,1
0,0,0,0,2,1,0,1,0,2,0,0,2,0,1,1,1,91.80720039257791,184.74541705229595,1
0,0,0,1,31,1,2,0,0,0,2,0,0,2,0,1,3,100.4938793063834,3123.9523512067963,1
0,0,0,0,26,1,2,1,0,2,0,0,2,2,0,1,2,111.33233058875466,2888.363093346613,1
1,1,1,0,0,1,0,0,0,0,2,0,2,2,0,1,2,84.13947764857512,0.20922464263224835,1
1,0,0,1,19,1,2,1,2,0,2,0,2,2,0,1,2,84.9443187883383,1600.3287683904182,1
1,0,1,0,31,1,0,0,0,2,2,0,0,0,2,0,3,59.1906377648287,1818.821979345991,0
0,0,1,1,0,1,0,1,2,0,2,0,0,0,1,1,2,90.41901382262525,7.221090222044117,1
1,0,0,0,20,1,2,0,2,0,0,0,2,2,0,1,2,114.53129622014468,2287.3544884013504,0
1,1,1,0,32,1,2,0,0,0,0,0,0,2,0,1,0,105.889333273692,3375.3318162911146,0
0,1,0,0,36,1,0,1,0,0,0,0,2,0,0,0,2,83.92617131227581,3016.6083777465983,0
0,0,0,0,13,1,0,2,1,1,1,1,1,1,1,0,1,36.4015502379843,479.26449708934723,0
0,0,1,0,23,1,0,0,0,0,2,0,2,2,0,1,0,115.24802982277551,2656.2170030959724,0
1,0,0,1,29,1,2,1,0,2,0,0,2,2,0,0,2,111.92226246439262,3256.2229531889816,1
0,0,1,0,8,1,2,0,0,0,0,2,0,0,2,1,3,60.691300282786365,480.4904337450335,0
1,0,1,0,12,0,1,0,0,0,2,2,0,2,0,0,2,71.42811630523195,850.8630299119718,0
0,0,1,0,30,1,2,0,0,0,2,0,2,0,0,1,2,117.0650890269911,3515.261484771949,1
0,1,1,1,26,1,2,0,0,2,2,2,2,2,2,1,2,76.35535586941413,1995.2402082214448,0
1,0,1,0,28,1,2,1,0,0,2,0,0,0,0,1,1,104.87339630937356,2932.7095110455984,1
1,0,0,0,28,1,0,0,0,2,0,0,2,0,0,1,2,105.01797658529632,2950.085255791279,0
0,0,1,0,22,1,2,1,2,0,2,0,0,0,0,1,2,73.2173784877391,1607.4476285278363,1
0,1,0,0,35,1,2,1,0,0,0,0,2,0,0,1,1,80.44209602109898,2835.847880162218,1
0,0,0,0,30,1,2,0,0,0,0,0,0,2,0,0,1,104.29341553931879,3111.6057271413424,0
0,0,1,0,24,1,0,0,0,0,0,0,2,2,2,1,0,109.6073583104233,2645.9249482189516,0
1,0,1,0,37,1,0,1,0,0,0,2,0,0,0,1,3,80.97652630922357,2981.1566714243504,1
0,0,1,0,36,1,0,0,2,0,2,0,2,0,0,0,0,104.1118398363062,3760.2579677103113,0
0,0,0,1,8,1,0,1,0,2,0,0,2,0,1,1,3,114.89967384141592,920.0553971592236,0
1,1,1,0,18,1,2,0,0,0,2,2,2,2,1,0,0,118.51414276122544,2128.7211406500746,0
1,0,1,1,15,0,1,1,0,0,2,0,0,2,0,1,1,77.23719916902441,1149.4702851461152,1
0,0,1,0,0,1,2,0,2,0,0,2,0,0,1,0,0,71.92907011158489,-9.281221437605339,0
0,0,0,0,28,1,2,1,2,0,0,0,0,0,1,1,2,76.57653506492215,2150.9605413840327,0
1,0,0,1,14,1,0,1,0,2,0,0,2,2,0,0,2,134.52748901127464,1887.9879382976615,1
1,0,0,0,2,1,0,1,0,0,0,0,2,0,1,1,2,86.55505819720904,171.22567107063617,1
0,0,0,0,35,1,0,0,0,0,0,0,2,0,0,0,3,105.95716523076004,3708.2349406524672,0
1,0,1,0,14,1,2,0,0,2,0,0,2,0,2,0,1,76.26333278120134,1058.9738469625283,0
0,0,1,0,35,1,2,0,2,0,2,2,0,2,2,0,3,106.87465219479864,3739.2871523480594,0
0,0,1,1,22,1,0,0,2,0,0,0,0,0,1,1,3,108.01874894387171,2385.2708878823555,0
0,1,1,0,26,1,0,0,0,0,0,2,0,2,0,1,2,99.89788618845112,2588.269120944996,1
0,0,0,0,35,1,0,1,0,2,2,2,0,2,0,1,0,101.07020144762548,3542.668425811286,1
1,0,0,0,6,1,2,1,0,0,2,0,0,0,0,0,2,82.87906450253485,492.6599183836631,1
1,0,1,1,8,1,2,1,0,0,2,0,0,0,0,0,2,89.33182172562952,699.3788811425,1
0,0,1,1,34,1,0,2,1,1,1,1,1,1,0,1,1,35.98193035852222,1234.0024205085654,0
1,0,1,1,28,1,2,0,0,2,0,0,0,0,0,0,2,86.83116488978709,2417.5331453355248,1
0,0,1,0,6,0,1,0,2,0,0,0,2,0,2,0,2,74.95833633231688,445.1017406607672,0
1,1,0,1,12,1,0,1,0,0,2,0,0,2,1,1,2,87.9454402757962,1066.0378176642978,1
0,0,0,1,29,1,2,1,0,0,0,0,0,2,1,1,0,84.4305139224676,2440.6127958137995,1
1,0,0,1,24,1,2,1,0,0,0,0,2,0,0,0,3,76.28071541562268,1840.1627042131483,0
0,0,0,0,11,1,0,1,2,0,2,2,2,0,2,1,1,96.97446810571648,1062.2341334463179,0
0,0,1,1,22,1,2,0,2,0,0,2,0,0,0,0,2,84.33920259853448,1854.52656538507,0
0,0,0,1,27,1,2,1,2,2,2,0,2,2,1,1,2,100.49335428773341,2732.166040536855,1
0,0,1,0,16,1,0,0,2,0,0,2,0,0,1,1,2,66.51323840002584,1075.5697210120818,0
0,0,0,0,8,1,0,2,1,1,1,1,1,1,0,1,3,43.85739773914163,351.7210362424803,1
0,0,0,0,3,1,0,1,2,0,2,0,2,0,0,1,2,89.70628554961465,262.5789511731458,1
1,0,0,0,17,1,0,1,0,2,0,2,2,0,0,1,2,85.45389975161379,1452.985158472007,1
0,0,1,0,14,0,1,0,0,0,2,2,0,2,2,0,2,62.609379623714815,893.0274120319516,0
0,0,0,0,2,1,2,0,2,2,0,0,2,0,0,1,2,107.54168014424052,236.8038694243091,0
0,0,0,0,16,1,0,2,1,1,1,1,1,1,1,0,2,34.92593959438126,552.6167131697343,0
0,0,1,1,13,0,1,0,0,2,2,0,0,0,0,0,3,57.56356980077241,762.7688580349553,0
1,0,0,1,4,1,0,0,2,0,0,0,0,2,2,0,2,89.08676733500984,340.56879146221297,0
1,0,0,0,7,1,0,0,2,2,0,0,0,2,2,1,0,97.58906379573095,689.0055106504137,0
0,0,0,0,25,1,0,1,0,0,2,0,0,0,0,0,3,75.77469170663201,1898.1109568732363,1
1,0,1,0,28,1,2,1,0,0,2,0,0,0,0,1,1,97.1766069079931,2731.355962642965,1
0,0,0,0,8,1,2,1,0,0,0,2,2,2,0,1,3,92.93473209297855,735.1537684869559,1
0,0,1,1,39,1,0,1,0,2,0,0,2,2,1,1,3,131.7021326795971,5137.843346041536,0
1,0,1,0,12,1,2,0,2,2,0,2,2,2,0,1,1,96.83002778597333,1143.3427358943143,1
1,0,1,0,3,1,0,1,0,0,2,0,0,0,2,1,3,72.07505793222701,209.92452161360853,0
1,0,1,1,1,1,2,2,1,1,1,1,1,1,1,1,1,34.91219911017736,34.74216328343754,0
0,0,1,0,36,1,0,1,0,2,2,0,0,2,0,1,3,105.11327881290669,3786.0231680905326,1
1,0,0,1,29,1,2,0,0,2,0,0,0,0,2,1,1,72.50663700745297,2130.6121848797766,0
1,0,1,0,7,0,1,2,1,1,1,1,1,1,0,0,2,23.871228316440682,162.00464827858542,0
0,1,0,1,20,1,2,0,2,0,0,0,2,2,2,1,3,116.39582647536615,2328.1250396718933,0
0,0,0,0,37,1,0,0,0,2,0,2,0,0,2,1,3,94.56861479754261,3487.518722894234,0
0,0,1,0,22,1,2,1,2,0,0,0,0,0,0,0,1,107.69868445860548,2350.5070921093566,1
0,0,1,1,27,1,0,0,0,0,0,0,2,0,2,1,2,108.84723131202533,2947.8587944937644,0
0,1,0,1,0,1,2,2,1,1,1,1,1,1,0,0,2,38.328177141228196,9.05452835968431,1
0,0,0,0,9,1,0,1,2,0,2,2,0,0,0,1,3,66.21260162486902,582.1590092256808,0
1,1,0,0,19,1,2,2,1,1,1,1,1,1,0,1,1,28.490902987983766,524.4292478248053,0
0,1,0,1,4,1,0,0,0,2,0,0,0,2,0,1,2,91.05418140328386,357.8579095158781,1
1,0,0,1,32,1,2,1,0,2,0,0,0,2,0,0,0,104.62583121570403,3364.696856770968,0
0,0,0,0,8,1,2,1,2,0,0,0,0,0,0,0,2,94.90894352507193,744.3901347084194,1
1,0,1,0,4,1,2,1,0,0,0,0,0,0,0,1,1,65.93195622563844,270.5457934795071,1
1,1,1,1,33,1,2,0,2,0,2,0,2,0,0,0,3,97.19969497681939,3208.9042005412284,1
0,0,1,1,35,0,1,1,0,2,0,0,0,0,1,1,0,90.23882011745714,3155.340529569458,0
1,0,1,0,14,1,2,1,0,0,0,2,0,0,0,1,1,75.6512550004135,1053.0715539862372,0
1,0,0,0,34,1,0,1,0,0,0,0,0,0,2,1,1,77.45266961157252,2635.8405872548674,0
1,0,1,0,2,1,0,2,1,1,1,1,1,1,2,1,3,32.45053036696784,61.793110067392085,0
0,1,0,0,6,0,1,1,2,0,0,0,0,0,1,1,1,69.74518567695196,414.4779100747223,1
1,0,0,0,19,1,0,1,2,0,2,0,2,0,0,0,0,93.1469500324282,1767.7166531079135,1
0,1,0,0,24,1,0,0,2,2,0,2,2,2,2,1,1,106.92617829635566,2577.344503984695,0
1,0,0,1,18,1,0,1,0,2,0,0,0,2,0,1,2,88.4347913830014,1593.9546592468641,1
1,0,1,0,7,1,0,0,0,2,0,2,2,2,0,1,0,106.68689183350125,747.4977620796911,1
0,0,0,1,14,1,0,0,0,0,0,0,0,0,2,1,3,72.41501255105457,1027.635963632508,0
1,0,1,0,6,1,2,0,2,0,0,0,0,2,2,1,0,100.46978516623446,600.1372264684334,0
0,0,1,1,19,1,0,0,0,0,0,0,0,0,0,0,2,90.96610449836498,1742.6843611356612,0
0,0,0,0,14,1,2,1,0,0,0,2,0,0,2,0,0,81.59176658582635,1135.526609242496,1
1,0,0,0,37,1,2,0,0,2,2,2,2,2,2,1,2,89.97728654567409,3334.471091323536,0
0,0,1,1,11,0,1,1,0,0,2,0,0,0,1,1,1,78.85946200149587,864.2230491221966,1
0,0,0,0,35,1,0,1,0,2,2,2,0,2,0,1,0,106.14939463596244,3714.5438494941864,1
1,0,1,0,27,1,0,2,1,1,1,1,1,1,2,1,1,37.65112708228116,1010.1480388640051,0
0,1,0,0,33,1,0,0,0,0,2,0,0,2,1,1,0,103.56430667157869,3414.6682530491644,1
1,0,0,0,23,1,2,1,0,0,0,0,0,0,1,0,3,73.38294602554805,1680.801849827567,0
1,0,0,1,23,1,0,1,0,0,0,2,0,0,0,0,2,96.65086082044856,2226.998316865978,1
1,1,1,0,28,1,2,0,0,0,0,0,0,2,1,0,2,95.00251993821446,2651.8228767878863,0
0,0,0,0,37,1,0,0,0,2,0,2,0,0,2,1,3,89.06174217039374,3300.6500374561347,0
1,0,1,0,10,0,1,2,1,1,1,1,1,1,0,0,3,22.257853514939416,246.04919380448965,0
0,0,1,1,31,1,0,2,1,1,1,1,1,1,0,1,2,39.60290710060987,1212.1397071867445,0
0,0,0,0,11,1,0,1,2,0,0,0,0,2,1,1,3,91.17587636438857,979.2134262318879,1
0,1,0,0,32,1,2,0,0,2,0,0,2,2,2,1,2,97.4095037302168,3107.2221640706175,0
1,0,0,0,35,1,2,1,0,0,0,0,2,0,2,1,1,107.64280191957627,3774.931035176997,0
1,0,1,0,1,1,2,0,0,0,2,0,2,2,0,1,3,98.96919633118532,91.85759631410161,1
0,1,0,0,24,1,0,0,2,2,0,2,2,2,2,1,1,105.80307536421456,2545.048619617988,0
1,0,1,0,1,1,0,0,0,0,2,0,0,0,2,1,2,70.05164252806739,79.54385502623805,0
1,0,1,1,16,1,0,0,2,0,0,0,0,2,2,1,2,78.3444078849,1250.999744984436,0
0,0,0,0,23,1,0,1,0,2,0,0,0,0,0,0,2,59.446471649131894,1376.1165304400167,1
0,0,1,0,36,1,0,1,0,2,2,0,0,2,0,1,3,104.84510491528367,3751.7287592168504,1
1,0,0,0,4,1,2,2,1,1,1,1,1,1,0,1,0,36.604187611025594,154.76207775385444,1
1,0,1,1,0,1,2,1,0,0,0,0,0,2,1,0,1,105.8100620253843,7.993033732591057,0
1,1,0,0,25,1,2,1,0,0,0,2,0,2,1,1,2,113.56925937559586,2838.2371557719953,0
0,0,1,0,3,1,0,2,1,1,1,1,1,1,0,0,3,42.308016637082346,136.95941553771652,0
0,0,0,0,32,1,0,0,0,2,2,2,0,0,1,1,3,82.08678171669865,2641.1866437801536,0
0,0,1,0,37,1,0,0,0,2,0,0,0,0,1,0,3,68.15759971654762,2541.159395330977,0
0,0,1,0,8,1,2,0,0,0,0,2,0,0,2,1,3,58.535902586262075,487.69971364573746,0
0,0,0,1,23,0,1,1,0,0,0,2,0,2,2,1,0,101.00997687642366,2323.7847234509004,1
0,0,0,0,17,1,2,0,0,0,2,2,0,2,0,1,2,88.66909509525836,1505.962444622651,1
0,0,1,0,15,1,2,2,1,1,1,1,1,1,0,1,0,42.98818773232942,644.0418031249058,0
0,0,1,0,13,1,0,0,2,0,0,2,2,0,2,1,0,102.00622743214059,1299.3360537147967,0
1,0,1,0,13,1,2,1,2,0,2,0,2,2,2,0,2,94.2034267211264,1231.6261151843496,0
0,0,1,1,30,1,0,0,0,0,2,2,0,2,2,0,2,76.89973929544674,2330.485735809081,0
1,0,0,1,20,1,0,0,2,0,0,0,2,0,2,1,3,101.0501446495461,2026.661228479536,0
0,0,0,1,12,1,0,1,0,0,0,2,2,0,0,0,3,115.98746927493899,1377.6348428496797,1
1,0,1,0,7,0,1,2,1,1,1,1,1,1,0,0,2,23.97046468077483,157.84633579099943,0
0,1,1,0,38,1,2,1,0,0,2,2,2,0,2,0,0,106.8575805821437,4051.203804767295,0
1,0,0,0,39,1,0,2,1,1,1,1,1,1,0,1,0,39.04464115210079,1539.3115247453813,0
1,0,0,0,4,1,2,1,0,0,2,2,0,2,0,0,2,87.24337989389814,353.99745776809294,1
1,0,0,0,5,1,0,0,2,0,0,0,0,0,0,1,2,67.5304032971318,344.03330282491055,1
0,0,1,1,35,1,0,1,0,0,2,0,0,0,2,0,1,60.60130048185456,2124.5808140040613,0
0,1,0,1,20,1,2,0,2,0,0,0,2,2,2,1,3,111.59834449683609,2220.852102640035,0
1,0,0,0,4,1,2,0,0,0,0,0,0,2,0,0,1,75.40182397718976,292.1681888234112,1
1,0,1,0,7,1,0,2,1,1,1,1,1,1,1,1,2,40.65130652051248,291.36653049155325,0
1,1,1,0,32,1,2,1,0,2,2,2,2,0,1,0,3,95.14770965194985,3045.5888243345444,0
0,0,1,1,1,1,0,1,0,0,2,0,2,0,2,1,1,73.41464112565477,54.83365693207024,1
1,0,0,0,0,1,0,1,0,2,0,0,0,0,2,1,2,96.20386778891158,7.860269970493,0
0,0,0,1,36,1,0,1,0,2,0,2,2,0,2,1,3,97.73685082389628,3532.693926583543,0
0,1,0,0,34,1,0,2,1,1,1,1,1,1,1,1,1,38.63447262848957,1313.6359881806716,0
0,0,1,0,1,0,1,1,0,0,2,0,0,2,1,0,2,92.81188012889506,89.65223500260221,1
0,0,1,1,6,1,0,0,2,0,2,0,0,2,2,0,0,102.5402029718091,628.8991414180456,0
0,0,1,0,14,1,0,0,0,0,2,0,0,0,0,1,1,77.7841126660474,1087.020259701748,1
1,0,1,1,16,1,2,1,2,0,2,0,2,0,0,1,2,88.45887694825552,1409.2038118487383,1
0,0,1,0,19,1,2,0,0,0,0,2,0,0,0,0,3,81.228551780144,1527.957448123742,0
0,0,0,0,11,0,1,1,2,2,2,0,0,0,0,1,0,68.19236485689215,745.2040254024781,1
1,0,0,0,32,1,2,0,0,2,2,0,0,2,0,1,2,75.27893464147088,2427.595914842205,1
1,0,0,1,25,1,0,0,0,0,2,0,2,0,0,1,2,99.54114721360611,2500.166727472689,1
0,0,1,0,28,1,0,1,0,0,0,2,0,2,2,0,3,100.8495426278838,2824.9808417716167,0
1,1,1,0,14,1,2,0,0,0,2,2,0,2,1,1,2,77.34235536280251,1082.7342355039623,0
1,0,0,1,38,1,0,1,2,0,0,2,0,0,1,1,0,65.57665916435428,2501.8094414476436,0
1,0,1,0,10,0,1,2,1,1,1,1,1,1,0,0,3,21.313427606705897,214.15729009001024,0
0,0,0,1,13,1,2,1,0,2,2,2,2,2,1,1,2,108.3076141829936,1395.3599369888668,1
0,0,0,0,36,1,2,2,1,1,1,1,1,1,2,1,2,33.38976160490756,1203.474338034398,0
0,1,1,0,34,1,0,2,1,1,1,1,1,1,0,1,2,34.92310258131467,1189.1405903137525,0
0,0,1,1,29,1,0,0,0,2,0,0,0,2,2,0,2,78.84854490280163,2286.7368467403153,0
1,1,1,0,20,1,2,1,0,0,0,0,2,2,0,1,2,125.18180769934601,2506.210653362982,1
1,0,0,0,17,1,0,0,2,0,0,0,2,2,2,0,1,108.62697811716467,1839.7296201279619,0
1,1,0,0,24,1,2,1,0,0,0,2,2,0,0,0,0,92.93832972151739,2232.070634139974,0
1,0,1,1,26,1,2,1,0,2,2,0,0,0,1,1,0,102.37150125382165,2645.6262462067416,1
1,0,1,1,26,1,2,0,2,0,2,2,0,0,1,0,1,84.88328026076948,2197.758972537888,0
1,0,1,0,3,1,2,1,0,0,2,2,2,0,0,1,2,87.2109081633062,259.19417345508066,1
0,1,0,0,14,1,2,2,1,1,1,1,1,1,0,0,3,41.64669908808816,589.0791628774856,1
0,0,0,0,24,1,2,0,2,2,0,0,2,0,0,1,2,99.67128623631649,2389.1375557950464,0
0,0,0,0,14,1,0,0,2,0,0,0,0,0,0,1,2,57.46678974332235,808.9370403305759,0
0,0,1,0,4,1,0,0,2,0,0,2,0,2,2,0,2,104.94668377521828,430.0135096803534,0
0,1,1,0,27,1,2,1,2,2,2,0,0,0,0,1,3,77.43365582222805,2114.911039905695,1
0,0,1,1,24,1,0,1,0,0,0,2,2,0,0,1,2,104.83549297330843,2513.120393600626,1
1,0,0,0,27,1,0,2,1,1,1,1,1,1,0,1,0,32.281547384246565,865.1644655675735,0
1,0,0,0,14,0,1,2,1,1,1,1,1,1,0,1,2,23.673912507150032,331.8206664555036,1
1,0,1,1,26,1,0,2,1,1,1,1,1,1,0,1,1,43.092740182198526,1122.3955047908007,0
1,0,1,0,34,1,0,1,2,0,0,0,2,0,0,1,2,91.49189875778484,3116.1857915904193,0
0,1,1,1,5,1,2,2,1,1,1,1,1,1,0,1,3,34.849506514799344,182.3730676510187,1
1,0,1,0,32,1,2,1,2,2,2,0,0,2,0,1,1,102.66129574403405,3282.3375361201324,1
1,0,0,0,32,1,2,0,0,2,2,0,0,2,0,1,2,71.12880652819644,2283.3911546526497,1
1,0,1,0,29,1,0,1,0,2,0,2,0,2,0,1,3,109.7768838198518,3184.3492925726573,1
0,0,0,0,22,1,2,0,0,2,0,0,0,0,1,0,3,61.1460120640706,1357.4859818233335,1
1,0,0,0,13,1,0,1,0,0,0,0,0,0,2,0,2,81.78479946102985,1060.4142666561825,0
0,0,0,1,23,1,2,1,0,0,0,2,2,0,1,1,0,82.71698519390685,1903.8932154833255,0
1,0,1,1,14,1,2,1,0,2,2,0,2,2,0,0,2,86.9628921685386,1220.1830520631474,0
1,0,1,1,8,1,2,1,0,0,2,0,0,2,0,0,0,97.37916909264193,790.3586053666866,0
1,0,1,0,10,1,2,2,1,1,1,1,1,1,0,1,2,37.49273359418847,374.88630087219747,0
0,0,0,0,20,1,0,1,0,0,2,0,2,0,1,0,3,111.63728280831651,2222.379617339861,1
0,0,0,0,29,1,0,1,0,0,2,0,2,0,1,1,2,80.31648745142223,2312.221918103376,0
0,0,1,0,33,1,0,1,2,2,0,0,0,2,0,1,1,108.42759166920303,3588.4506236435004,0
1,0,1,1,4,1,0,1,2,0,0,2,2,2,2,1,2,127.14493205367984,514.9824733131883,0
0,0,1,0,3,1,0,1,0,2,0,0,2,0,2,1,0,112.41926694700713,353.8772761111544,0
0,0,1,0,30,1,2,0,0,2,0,0,0,2,0,0,1,87.76807761751745,2633.9669931521357,1
0,0,1,1,21,1,2,1,2,2,0,0,0,2,0,1,0,88.7968145772699,1865.5990836844676,0
1,0,0,0,23,1,0,2,1,1,1,1,1,1,0,0,2,38.11592800720557,878.4600090750296,1
0,0,1,0,3,1,0,2,1,1,1,1,1,1,0,0,3,42.8062438386467,123.0583497504507,0
0,0,1,1,0,0,1,0,0,0,2,0,0,0,2,0,1,72.89027640410065,-7.03797519459388,0
1,0,1,1,0,1,2,0,2,2,2,0,2,0,1,1,1,105.4103901048339,4.383964047972862,1
0,0,1,0,23,1,0,2,1,1,1,1,1,1,2,1,2,30.387068200421727,710.7110103454182,0
0,0,1,1,29,1,0,0,2,0,2,2,0,2,0,0,3,93.05732842192486,2704.7006078166105,1
0,0,0,0,15,1,2,0,0,2,0,0,0,2,0,0,2,84.70247094144473,1265.727078874086,0
0,1,1,0,23,1,2,0,0,0,2,0,0,0,0,0,2,71.90935051194589,1658.1615475254332,0
0,0,1,1,39,1,0,0,2,0,0,2,2,0,0,1,0,84.70832379641223,3305.389266364264,0
1,0,1,0,18,1,0,0,0,0,2,0,2,0,0,1,2,70.67754384020613,1266.562266286423,0
0,1,0,0,36,1,0,1,0,0,0,0,0,0,2,1,2,90.64712579474558,3251.0714393235007,0
1,0,1,0,33,1,2,1,0,0,0,0,2,0,2,0,2,83.12146440672562,2734.702237546084,1
0,0,0,1,3,1,0,0,0,2,0,0,0,0,0,1,3,102.5447539691871,319.589079967287,0
0,0,0,0,24,1,0,1,0,2,0,0,2,0,0,1,0,80.07334356844362,1924.2964300196813,1
1,0,0,0,32,0,1,0,0,0,0,0,0,2,0,0,0,78.45009253580531,2504.3117283516785,0
0,0,1,1,27,1,0,0,0,0,0,0,2,0,2,1,2,104.5590031310481,2823.8587397780316,0
0,0,1,1,16,1,0,2,1,1,1,1,1,1,0,1,1,36.077045000015,583.3412045157265,0
1,0,0,1,1,1,0,2,1,1,1,1,1,1,0,1,1,31.44519358947581,26.043725771472353,0
1,0,0,0,23,1,0,1,0,0,0,0,0,2,2,0,2,113.95808941856619,2613.3859065562146,0
1,0,1,0,24,1,0,1,0,0,2,0,2,0,0,0,3,74.56235299903524,1771.732456743568,1
1,0,1,0,14,1,2,1,0,0,0,0,2,0,0,1,2,66.46896252510655,941.4509657670787,0
1,0,0,0,14,1,2,0,0,0,0,0,2,2,2,0,2,96.86776835834276,1362.0279816258671,1
0,0,1,0,14,0,1,0,0,0,2,2,0,2,2,0,2,72.56557736794493,1022.6119738450673,0
1,0,1,0,7,1,0,1,0,2,0,2,0,0,1,1,0,70.11395102379586,496.41686339801265,0
